$ /tmp/df-py/bin/python -m pytest /tmp/dark-factory-wearedevs/tablekeeper/test/stage_2 --base-url http://127.0.0.1:8080 -p harness.plugin --rootdir /tmp/dark-factory-wearedevs/tablekeeper/test -q --previous-base-url http://127.0.0.1:8083 --harness-summary /workspace/dark-factory-tablekeeper/band-work/checks/castle-01/host-0055/stage-2.counts.json

EEEEEEFFEEEEEFEEEEEEEEEEE                                                                                                                                                                        [100%]
================================================================================================ ERRORS ================================================================================================
________________________________________________________________ ERROR at setup of test_routes_are_directly_navigable[/-search-button] _________________________________________________________________

    @contextlib.contextmanager
    def map_httpcore_exceptions() -> typing.Iterator[None]:
        global HTTPCORE_EXC_MAP
        if len(HTTPCORE_EXC_MAP) == 0:
            HTTPCORE_EXC_MAP = _load_httpcore_exceptions()
        try:
>           yield

../df-py/lib/python3.13/site-packages/httpx/_transports/default.py:101: 
_ _ _ _ _ _ _ _ _ _ _ _ _ _ _ _ _ _ _ _ _ _ _ _ _ _ _ _ _ _ _ _ _ _ _ _ _ _ _ _ _ _ _ _ _ _ _ _ _ _ _ _ _ _ _ _ _ _ _ _ _ _ _ _ _ _ _ _ _ _ _ _ _ _ _ _ _ _ _ _ _ _ _ _ _ _ _ _ _ _ _ _ _ _ _ _ _ _ _ _ 
../df-py/lib/python3.13/site-packages/httpx/_transports/default.py:250: in handle_request
    resp = self._pool.handle_request(req)
           ^^^^^^^^^^^^^^^^^^^^^^^^^^^^^^
../df-py/lib/python3.13/site-packages/httpcore/_sync/connection_pool.py:256: in handle_request
    raise exc from None
../df-py/lib/python3.13/site-packages/httpcore/_sync/connection_pool.py:236: in handle_request
    response = connection.handle_request(
../df-py/lib/python3.13/site-packages/httpcore/_sync/connection.py:101: in handle_request
    raise exc
../df-py/lib/python3.13/site-packages/httpcore/_sync/connection.py:78: in handle_request
    stream = self._connect(request)
             ^^^^^^^^^^^^^^^^^^^^^^
../df-py/lib/python3.13/site-packages/httpcore/_sync/connection.py:124: in _connect
    stream = self._network_backend.connect_tcp(**kwargs)
             ^^^^^^^^^^^^^^^^^^^^^^^^^^^^^^^^^^^^^^^^^^^
../df-py/lib/python3.13/site-packages/httpcore/_backends/sync.py:207: in connect_tcp
    with map_exceptions(exc_map):
         ^^^^^^^^^^^^^^^^^^^^^^^
/usr/lib/python3.13/contextlib.py:162: in __exit__
    self.gen.throw(value)
_ _ _ _ _ _ _ _ _ _ _ _ _ _ _ _ _ _ _ _ _ _ _ _ _ _ _ _ _ _ _ _ _ _ _ _ _ _ _ _ _ _ _ _ _ _ _ _ _ _ _ _ _ _ _ _ _ _ _ _ _ _ _ _ _ _ _ _ _ _ _ _ _ _ _ _ _ _ _ _ _ _ _ _ _ _ _ _ _ _ _ _ _ _ _ _ _ _ _ _ 

map = {<class 'TimeoutError'>: <class 'httpcore.ConnectTimeout'>, <class 'OSError'>: <class 'httpcore.ConnectError'>}

    @contextlib.contextmanager
    def map_exceptions(map: ExceptionMapping) -> typing.Iterator[None]:
        try:
            yield
        except Exception as exc:  # noqa: PIE786
            for from_exc, to_exc in map.items():
                if isinstance(exc, from_exc):
>                   raise to_exc(exc) from exc
E                   httpcore.ConnectError: [Errno 111] Connection refused

../df-py/lib/python3.13/site-packages/httpcore/_exceptions.py:14: ConnectError

The above exception was the direct cause of the following exception:

reset = <function reset.<locals>._reset at 0x7ff8aac68680>

    @pytest.fixture
    def seeded(reset):
        fixture = fx.fixture()
>       reset(fixture)

tablekeeper/test/stage_2/test_sample.py:19: 
_ _ _ _ _ _ _ _ _ _ _ _ _ _ _ _ _ _ _ _ _ _ _ _ _ _ _ _ _ _ _ _ _ _ _ _ _ _ _ _ _ _ _ _ _ _ _ _ _ _ _ _ _ _ _ _ _ _ _ _ _ _ _ _ _ _ _ _ _ _ _ _ _ _ _ _ _ _ _ _ _ _ _ _ _ _ _ _ _ _ _ _ _ _ _ _ _ _ _ _ 
harness/plugin.py:106: in _reset
    resp = httpx.post(f"{base_url}/_test/reset", json=fixture, timeout=RESET_TIMEOUT)
           ^^^^^^^^^^^^^^^^^^^^^^^^^^^^^^^^^^^^^^^^^^^^^^^^^^^^^^^^^^^^^^^^^^^^^^^^^^
../df-py/lib/python3.13/site-packages/httpx/_api.py:304: in post
    return request(
../df-py/lib/python3.13/site-packages/httpx/_api.py:109: in request
    return client.request(
../df-py/lib/python3.13/site-packages/httpx/_client.py:825: in request
    return self.send(request, auth=auth, follow_redirects=follow_redirects)
           ^^^^^^^^^^^^^^^^^^^^^^^^^^^^^^^^^^^^^^^^^^^^^^^^^^^^^^^^^^^^^^^^
../df-py/lib/python3.13/site-packages/httpx/_client.py:914: in send
    response = self._send_handling_auth(
../df-py/lib/python3.13/site-packages/httpx/_client.py:942: in _send_handling_auth
    response = self._send_handling_redirects(
../df-py/lib/python3.13/site-packages/httpx/_client.py:979: in _send_handling_redirects
    response = self._send_single_request(request)
               ^^^^^^^^^^^^^^^^^^^^^^^^^^^^^^^^^^
../df-py/lib/python3.13/site-packages/httpx/_client.py:1014: in _send_single_request
    response = transport.handle_request(request)
               ^^^^^^^^^^^^^^^^^^^^^^^^^^^^^^^^^
../df-py/lib/python3.13/site-packages/httpx/_transports/default.py:249: in handle_request
    with map_httpcore_exceptions():
         ^^^^^^^^^^^^^^^^^^^^^^^^^
/usr/lib/python3.13/contextlib.py:162: in __exit__
    self.gen.throw(value)
_ _ _ _ _ _ _ _ _ _ _ _ _ _ _ _ _ _ _ _ _ _ _ _ _ _ _ _ _ _ _ _ _ _ _ _ _ _ _ _ _ _ _ _ _ _ _ _ _ _ _ _ _ _ _ _ _ _ _ _ _ _ _ _ _ _ _ _ _ _ _ _ _ _ _ _ _ _ _ _ _ _ _ _ _ _ _ _ _ _ _ _ _ _ _ _ _ _ _ _ 

    @contextlib.contextmanager
    def map_httpcore_exceptions() -> typing.Iterator[None]:
        global HTTPCORE_EXC_MAP
        if len(HTTPCORE_EXC_MAP) == 0:
            HTTPCORE_EXC_MAP = _load_httpcore_exceptions()
        try:
            yield
        except Exception as exc:
            mapped_exc = None
    
            for from_exc, to_exc in HTTPCORE_EXC_MAP.items():
                if not isinstance(exc, from_exc):
                    continue
                # We want to map to the most specific exception we can find.
                # Eg if `exc` is an `httpcore.ReadTimeout`, we want to map to
                # `httpx.ReadTimeout`, not just `httpx.TimeoutException`.
                if mapped_exc is None or issubclass(to_exc, mapped_exc):
                    mapped_exc = to_exc
    
            if mapped_exc is None:  # pragma: no cover
                raise
    
            message = str(exc)
>           raise mapped_exc(message) from exc
E           httpx.ConnectError: [Errno 111] Connection refused

../df-py/lib/python3.13/site-packages/httpx/_transports/default.py:118: ConnectError
---------------------------------------------------------------------------------------- Captured stderr setup -----------------------------------------------------------------------------------------
(node:3930445) Warning: The 'NO_COLOR' env is ignored due to the 'FORCE_COLOR' env being set.
(Use `node --trace-warnings ...` to show where the warning was created)
_____________________________________________________________ ERROR at setup of test_routes_are_directly_navigable[/signup-signup-submit] ______________________________________________________________

    @contextlib.contextmanager
    def map_httpcore_exceptions() -> typing.Iterator[None]:
        global HTTPCORE_EXC_MAP
        if len(HTTPCORE_EXC_MAP) == 0:
            HTTPCORE_EXC_MAP = _load_httpcore_exceptions()
        try:
>           yield

../df-py/lib/python3.13/site-packages/httpx/_transports/default.py:101: 
_ _ _ _ _ _ _ _ _ _ _ _ _ _ _ _ _ _ _ _ _ _ _ _ _ _ _ _ _ _ _ _ _ _ _ _ _ _ _ _ _ _ _ _ _ _ _ _ _ _ _ _ _ _ _ _ _ _ _ _ _ _ _ _ _ _ _ _ _ _ _ _ _ _ _ _ _ _ _ _ _ _ _ _ _ _ _ _ _ _ _ _ _ _ _ _ _ _ _ _ 
../df-py/lib/python3.13/site-packages/httpx/_transports/default.py:250: in handle_request
    resp = self._pool.handle_request(req)
           ^^^^^^^^^^^^^^^^^^^^^^^^^^^^^^
../df-py/lib/python3.13/site-packages/httpcore/_sync/connection_pool.py:256: in handle_request
    raise exc from None
../df-py/lib/python3.13/site-packages/httpcore/_sync/connection_pool.py:236: in handle_request
    response = connection.handle_request(
../df-py/lib/python3.13/site-packages/httpcore/_sync/connection.py:101: in handle_request
    raise exc
../df-py/lib/python3.13/site-packages/httpcore/_sync/connection.py:78: in handle_request
    stream = self._connect(request)
             ^^^^^^^^^^^^^^^^^^^^^^
../df-py/lib/python3.13/site-packages/httpcore/_sync/connection.py:124: in _connect
    stream = self._network_backend.connect_tcp(**kwargs)
             ^^^^^^^^^^^^^^^^^^^^^^^^^^^^^^^^^^^^^^^^^^^
../df-py/lib/python3.13/site-packages/httpcore/_backends/sync.py:207: in connect_tcp
    with map_exceptions(exc_map):
         ^^^^^^^^^^^^^^^^^^^^^^^
/usr/lib/python3.13/contextlib.py:162: in __exit__
    self.gen.throw(value)
_ _ _ _ _ _ _ _ _ _ _ _ _ _ _ _ _ _ _ _ _ _ _ _ _ _ _ _ _ _ _ _ _ _ _ _ _ _ _ _ _ _ _ _ _ _ _ _ _ _ _ _ _ _ _ _ _ _ _ _ _ _ _ _ _ _ _ _ _ _ _ _ _ _ _ _ _ _ _ _ _ _ _ _ _ _ _ _ _ _ _ _ _ _ _ _ _ _ _ _ 

map = {<class 'TimeoutError'>: <class 'httpcore.ConnectTimeout'>, <class 'OSError'>: <class 'httpcore.ConnectError'>}

    @contextlib.contextmanager
    def map_exceptions(map: ExceptionMapping) -> typing.Iterator[None]:
        try:
            yield
        except Exception as exc:  # noqa: PIE786
            for from_exc, to_exc in map.items():
                if isinstance(exc, from_exc):
>                   raise to_exc(exc) from exc
E                   httpcore.ConnectError: [Errno 111] Connection refused

../df-py/lib/python3.13/site-packages/httpcore/_exceptions.py:14: ConnectError

The above exception was the direct cause of the following exception:

reset = <function reset.<locals>._reset at 0x7ff8aac68540>

    @pytest.fixture
    def seeded(reset):
        fixture = fx.fixture()
>       reset(fixture)

tablekeeper/test/stage_2/test_sample.py:19: 
_ _ _ _ _ _ _ _ _ _ _ _ _ _ _ _ _ _ _ _ _ _ _ _ _ _ _ _ _ _ _ _ _ _ _ _ _ _ _ _ _ _ _ _ _ _ _ _ _ _ _ _ _ _ _ _ _ _ _ _ _ _ _ _ _ _ _ _ _ _ _ _ _ _ _ _ _ _ _ _ _ _ _ _ _ _ _ _ _ _ _ _ _ _ _ _ _ _ _ _ 
harness/plugin.py:106: in _reset
    resp = httpx.post(f"{base_url}/_test/reset", json=fixture, timeout=RESET_TIMEOUT)
           ^^^^^^^^^^^^^^^^^^^^^^^^^^^^^^^^^^^^^^^^^^^^^^^^^^^^^^^^^^^^^^^^^^^^^^^^^^
../df-py/lib/python3.13/site-packages/httpx/_api.py:304: in post
    return request(
../df-py/lib/python3.13/site-packages/httpx/_api.py:109: in request
    return client.request(
../df-py/lib/python3.13/site-packages/httpx/_client.py:825: in request
    return self.send(request, auth=auth, follow_redirects=follow_redirects)
           ^^^^^^^^^^^^^^^^^^^^^^^^^^^^^^^^^^^^^^^^^^^^^^^^^^^^^^^^^^^^^^^^
../df-py/lib/python3.13/site-packages/httpx/_client.py:914: in send
    response = self._send_handling_auth(
../df-py/lib/python3.13/site-packages/httpx/_client.py:942: in _send_handling_auth
    response = self._send_handling_redirects(
../df-py/lib/python3.13/site-packages/httpx/_client.py:979: in _send_handling_redirects
    response = self._send_single_request(request)
               ^^^^^^^^^^^^^^^^^^^^^^^^^^^^^^^^^^
../df-py/lib/python3.13/site-packages/httpx/_client.py:1014: in _send_single_request
    response = transport.handle_request(request)
               ^^^^^^^^^^^^^^^^^^^^^^^^^^^^^^^^^
../df-py/lib/python3.13/site-packages/httpx/_transports/default.py:249: in handle_request
    with map_httpcore_exceptions():
         ^^^^^^^^^^^^^^^^^^^^^^^^^
/usr/lib/python3.13/contextlib.py:162: in __exit__
    self.gen.throw(value)
_ _ _ _ _ _ _ _ _ _ _ _ _ _ _ _ _ _ _ _ _ _ _ _ _ _ _ _ _ _ _ _ _ _ _ _ _ _ _ _ _ _ _ _ _ _ _ _ _ _ _ _ _ _ _ _ _ _ _ _ _ _ _ _ _ _ _ _ _ _ _ _ _ _ _ _ _ _ _ _ _ _ _ _ _ _ _ _ _ _ _ _ _ _ _ _ _ _ _ _ 

    @contextlib.contextmanager
    def map_httpcore_exceptions() -> typing.Iterator[None]:
        global HTTPCORE_EXC_MAP
        if len(HTTPCORE_EXC_MAP) == 0:
            HTTPCORE_EXC_MAP = _load_httpcore_exceptions()
        try:
            yield
        except Exception as exc:
            mapped_exc = None
    
            for from_exc, to_exc in HTTPCORE_EXC_MAP.items():
                if not isinstance(exc, from_exc):
                    continue
                # We want to map to the most specific exception we can find.
                # Eg if `exc` is an `httpcore.ReadTimeout`, we want to map to
                # `httpx.ReadTimeout`, not just `httpx.TimeoutException`.
                if mapped_exc is None or issubclass(to_exc, mapped_exc):
                    mapped_exc = to_exc
    
            if mapped_exc is None:  # pragma: no cover
                raise
    
            message = str(exc)
>           raise mapped_exc(message) from exc
E           httpx.ConnectError: [Errno 111] Connection refused

../df-py/lib/python3.13/site-packages/httpx/_transports/default.py:118: ConnectError
______________________________________________________________ ERROR at setup of test_routes_are_directly_navigable[/login-login-submit] _______________________________________________________________

    @contextlib.contextmanager
    def map_httpcore_exceptions() -> typing.Iterator[None]:
        global HTTPCORE_EXC_MAP
        if len(HTTPCORE_EXC_MAP) == 0:
            HTTPCORE_EXC_MAP = _load_httpcore_exceptions()
        try:
>           yield

../df-py/lib/python3.13/site-packages/httpx/_transports/default.py:101: 
_ _ _ _ _ _ _ _ _ _ _ _ _ _ _ _ _ _ _ _ _ _ _ _ _ _ _ _ _ _ _ _ _ _ _ _ _ _ _ _ _ _ _ _ _ _ _ _ _ _ _ _ _ _ _ _ _ _ _ _ _ _ _ _ _ _ _ _ _ _ _ _ _ _ _ _ _ _ _ _ _ _ _ _ _ _ _ _ _ _ _ _ _ _ _ _ _ _ _ _ 
../df-py/lib/python3.13/site-packages/httpx/_transports/default.py:250: in handle_request
    resp = self._pool.handle_request(req)
           ^^^^^^^^^^^^^^^^^^^^^^^^^^^^^^
../df-py/lib/python3.13/site-packages/httpcore/_sync/connection_pool.py:256: in handle_request
    raise exc from None
../df-py/lib/python3.13/site-packages/httpcore/_sync/connection_pool.py:236: in handle_request
    response = connection.handle_request(
../df-py/lib/python3.13/site-packages/httpcore/_sync/connection.py:101: in handle_request
    raise exc
../df-py/lib/python3.13/site-packages/httpcore/_sync/connection.py:78: in handle_request
    stream = self._connect(request)
             ^^^^^^^^^^^^^^^^^^^^^^
../df-py/lib/python3.13/site-packages/httpcore/_sync/connection.py:124: in _connect
    stream = self._network_backend.connect_tcp(**kwargs)
             ^^^^^^^^^^^^^^^^^^^^^^^^^^^^^^^^^^^^^^^^^^^
../df-py/lib/python3.13/site-packages/httpcore/_backends/sync.py:207: in connect_tcp
    with map_exceptions(exc_map):
         ^^^^^^^^^^^^^^^^^^^^^^^
/usr/lib/python3.13/contextlib.py:162: in __exit__
    self.gen.throw(value)
_ _ _ _ _ _ _ _ _ _ _ _ _ _ _ _ _ _ _ _ _ _ _ _ _ _ _ _ _ _ _ _ _ _ _ _ _ _ _ _ _ _ _ _ _ _ _ _ _ _ _ _ _ _ _ _ _ _ _ _ _ _ _ _ _ _ _ _ _ _ _ _ _ _ _ _ _ _ _ _ _ _ _ _ _ _ _ _ _ _ _ _ _ _ _ _ _ _ _ _ 

map = {<class 'TimeoutError'>: <class 'httpcore.ConnectTimeout'>, <class 'OSError'>: <class 'httpcore.ConnectError'>}

    @contextlib.contextmanager
    def map_exceptions(map: ExceptionMapping) -> typing.Iterator[None]:
        try:
            yield
        except Exception as exc:  # noqa: PIE786
            for from_exc, to_exc in map.items():
                if isinstance(exc, from_exc):
>                   raise to_exc(exc) from exc
E                   httpcore.ConnectError: [Errno 111] Connection refused

../df-py/lib/python3.13/site-packages/httpcore/_exceptions.py:14: ConnectError

The above exception was the direct cause of the following exception:

reset = <function reset.<locals>._reset at 0x7ff8aa97b560>

    @pytest.fixture
    def seeded(reset):
        fixture = fx.fixture()
>       reset(fixture)

tablekeeper/test/stage_2/test_sample.py:19: 
_ _ _ _ _ _ _ _ _ _ _ _ _ _ _ _ _ _ _ _ _ _ _ _ _ _ _ _ _ _ _ _ _ _ _ _ _ _ _ _ _ _ _ _ _ _ _ _ _ _ _ _ _ _ _ _ _ _ _ _ _ _ _ _ _ _ _ _ _ _ _ _ _ _ _ _ _ _ _ _ _ _ _ _ _ _ _ _ _ _ _ _ _ _ _ _ _ _ _ _ 
harness/plugin.py:106: in _reset
    resp = httpx.post(f"{base_url}/_test/reset", json=fixture, timeout=RESET_TIMEOUT)
           ^^^^^^^^^^^^^^^^^^^^^^^^^^^^^^^^^^^^^^^^^^^^^^^^^^^^^^^^^^^^^^^^^^^^^^^^^^
../df-py/lib/python3.13/site-packages/httpx/_api.py:304: in post
    return request(
../df-py/lib/python3.13/site-packages/httpx/_api.py:109: in request
    return client.request(
../df-py/lib/python3.13/site-packages/httpx/_client.py:825: in request
    return self.send(request, auth=auth, follow_redirects=follow_redirects)
           ^^^^^^^^^^^^^^^^^^^^^^^^^^^^^^^^^^^^^^^^^^^^^^^^^^^^^^^^^^^^^^^^
../df-py/lib/python3.13/site-packages/httpx/_client.py:914: in send
    response = self._send_handling_auth(
../df-py/lib/python3.13/site-packages/httpx/_client.py:942: in _send_handling_auth
    response = self._send_handling_redirects(
../df-py/lib/python3.13/site-packages/httpx/_client.py:979: in _send_handling_redirects
    response = self._send_single_request(request)
               ^^^^^^^^^^^^^^^^^^^^^^^^^^^^^^^^^^
../df-py/lib/python3.13/site-packages/httpx/_client.py:1014: in _send_single_request
    response = transport.handle_request(request)
               ^^^^^^^^^^^^^^^^^^^^^^^^^^^^^^^^^
../df-py/lib/python3.13/site-packages/httpx/_transports/default.py:249: in handle_request
    with map_httpcore_exceptions():
         ^^^^^^^^^^^^^^^^^^^^^^^^^
/usr/lib/python3.13/contextlib.py:162: in __exit__
    self.gen.throw(value)
_ _ _ _ _ _ _ _ _ _ _ _ _ _ _ _ _ _ _ _ _ _ _ _ _ _ _ _ _ _ _ _ _ _ _ _ _ _ _ _ _ _ _ _ _ _ _ _ _ _ _ _ _ _ _ _ _ _ _ _ _ _ _ _ _ _ _ _ _ _ _ _ _ _ _ _ _ _ _ _ _ _ _ _ _ _ _ _ _ _ _ _ _ _ _ _ _ _ _ _ 

    @contextlib.contextmanager
    def map_httpcore_exceptions() -> typing.Iterator[None]:
        global HTTPCORE_EXC_MAP
        if len(HTTPCORE_EXC_MAP) == 0:
            HTTPCORE_EXC_MAP = _load_httpcore_exceptions()
        try:
            yield
        except Exception as exc:
            mapped_exc = None
    
            for from_exc, to_exc in HTTPCORE_EXC_MAP.items():
                if not isinstance(exc, from_exc):
                    continue
                # We want to map to the most specific exception we can find.
                # Eg if `exc` is an `httpcore.ReadTimeout`, we want to map to
                # `httpx.ReadTimeout`, not just `httpx.TimeoutException`.
                if mapped_exc is None or issubclass(to_exc, mapped_exc):
                    mapped_exc = to_exc
    
            if mapped_exc is None:  # pragma: no cover
                raise
    
            message = str(exc)
>           raise mapped_exc(message) from exc
E           httpx.ConnectError: [Errno 111] Connection refused

../df-py/lib/python3.13/site-packages/httpx/_transports/default.py:118: ConnectError
_____________________________________________________________ ERROR at setup of test_routes_are_directly_navigable[/lookup-lookup-submit] ______________________________________________________________

    @contextlib.contextmanager
    def map_httpcore_exceptions() -> typing.Iterator[None]:
        global HTTPCORE_EXC_MAP
        if len(HTTPCORE_EXC_MAP) == 0:
            HTTPCORE_EXC_MAP = _load_httpcore_exceptions()
        try:
>           yield

../df-py/lib/python3.13/site-packages/httpx/_transports/default.py:101: 
_ _ _ _ _ _ _ _ _ _ _ _ _ _ _ _ _ _ _ _ _ _ _ _ _ _ _ _ _ _ _ _ _ _ _ _ _ _ _ _ _ _ _ _ _ _ _ _ _ _ _ _ _ _ _ _ _ _ _ _ _ _ _ _ _ _ _ _ _ _ _ _ _ _ _ _ _ _ _ _ _ _ _ _ _ _ _ _ _ _ _ _ _ _ _ _ _ _ _ _ 
../df-py/lib/python3.13/site-packages/httpx/_transports/default.py:250: in handle_request
    resp = self._pool.handle_request(req)
           ^^^^^^^^^^^^^^^^^^^^^^^^^^^^^^
../df-py/lib/python3.13/site-packages/httpcore/_sync/connection_pool.py:256: in handle_request
    raise exc from None
../df-py/lib/python3.13/site-packages/httpcore/_sync/connection_pool.py:236: in handle_request
    response = connection.handle_request(
../df-py/lib/python3.13/site-packages/httpcore/_sync/connection.py:101: in handle_request
    raise exc
../df-py/lib/python3.13/site-packages/httpcore/_sync/connection.py:78: in handle_request
    stream = self._connect(request)
             ^^^^^^^^^^^^^^^^^^^^^^
../df-py/lib/python3.13/site-packages/httpcore/_sync/connection.py:124: in _connect
    stream = self._network_backend.connect_tcp(**kwargs)
             ^^^^^^^^^^^^^^^^^^^^^^^^^^^^^^^^^^^^^^^^^^^
../df-py/lib/python3.13/site-packages/httpcore/_backends/sync.py:207: in connect_tcp
    with map_exceptions(exc_map):
         ^^^^^^^^^^^^^^^^^^^^^^^
/usr/lib/python3.13/contextlib.py:162: in __exit__
    self.gen.throw(value)
_ _ _ _ _ _ _ _ _ _ _ _ _ _ _ _ _ _ _ _ _ _ _ _ _ _ _ _ _ _ _ _ _ _ _ _ _ _ _ _ _ _ _ _ _ _ _ _ _ _ _ _ _ _ _ _ _ _ _ _ _ _ _ _ _ _ _ _ _ _ _ _ _ _ _ _ _ _ _ _ _ _ _ _ _ _ _ _ _ _ _ _ _ _ _ _ _ _ _ _ 

map = {<class 'TimeoutError'>: <class 'httpcore.ConnectTimeout'>, <class 'OSError'>: <class 'httpcore.ConnectError'>}

    @contextlib.contextmanager
    def map_exceptions(map: ExceptionMapping) -> typing.Iterator[None]:
        try:
            yield
        except Exception as exc:  # noqa: PIE786
            for from_exc, to_exc in map.items():
                if isinstance(exc, from_exc):
>                   raise to_exc(exc) from exc
E                   httpcore.ConnectError: [Errno 111] Connection refused

../df-py/lib/python3.13/site-packages/httpcore/_exceptions.py:14: ConnectError

The above exception was the direct cause of the following exception:

reset = <function reset.<locals>._reset at 0x7ff8aa97b240>

    @pytest.fixture
    def seeded(reset):
        fixture = fx.fixture()
>       reset(fixture)

tablekeeper/test/stage_2/test_sample.py:19: 
_ _ _ _ _ _ _ _ _ _ _ _ _ _ _ _ _ _ _ _ _ _ _ _ _ _ _ _ _ _ _ _ _ _ _ _ _ _ _ _ _ _ _ _ _ _ _ _ _ _ _ _ _ _ _ _ _ _ _ _ _ _ _ _ _ _ _ _ _ _ _ _ _ _ _ _ _ _ _ _ _ _ _ _ _ _ _ _ _ _ _ _ _ _ _ _ _ _ _ _ 
harness/plugin.py:106: in _reset
    resp = httpx.post(f"{base_url}/_test/reset", json=fixture, timeout=RESET_TIMEOUT)
           ^^^^^^^^^^^^^^^^^^^^^^^^^^^^^^^^^^^^^^^^^^^^^^^^^^^^^^^^^^^^^^^^^^^^^^^^^^
../df-py/lib/python3.13/site-packages/httpx/_api.py:304: in post
    return request(
../df-py/lib/python3.13/site-packages/httpx/_api.py:109: in request
    return client.request(
../df-py/lib/python3.13/site-packages/httpx/_client.py:825: in request
    return self.send(request, auth=auth, follow_redirects=follow_redirects)
           ^^^^^^^^^^^^^^^^^^^^^^^^^^^^^^^^^^^^^^^^^^^^^^^^^^^^^^^^^^^^^^^^
../df-py/lib/python3.13/site-packages/httpx/_client.py:914: in send
    response = self._send_handling_auth(
../df-py/lib/python3.13/site-packages/httpx/_client.py:942: in _send_handling_auth
    response = self._send_handling_redirects(
../df-py/lib/python3.13/site-packages/httpx/_client.py:979: in _send_handling_redirects
    response = self._send_single_request(request)
               ^^^^^^^^^^^^^^^^^^^^^^^^^^^^^^^^^^
../df-py/lib/python3.13/site-packages/httpx/_client.py:1014: in _send_single_request
    response = transport.handle_request(request)
               ^^^^^^^^^^^^^^^^^^^^^^^^^^^^^^^^^
../df-py/lib/python3.13/site-packages/httpx/_transports/default.py:249: in handle_request
    with map_httpcore_exceptions():
         ^^^^^^^^^^^^^^^^^^^^^^^^^
/usr/lib/python3.13/contextlib.py:162: in __exit__
    self.gen.throw(value)
_ _ _ _ _ _ _ _ _ _ _ _ _ _ _ _ _ _ _ _ _ _ _ _ _ _ _ _ _ _ _ _ _ _ _ _ _ _ _ _ _ _ _ _ _ _ _ _ _ _ _ _ _ _ _ _ _ _ _ _ _ _ _ _ _ _ _ _ _ _ _ _ _ _ _ _ _ _ _ _ _ _ _ _ _ _ _ _ _ _ _ _ _ _ _ _ _ _ _ _ 

    @contextlib.contextmanager
    def map_httpcore_exceptions() -> typing.Iterator[None]:
        global HTTPCORE_EXC_MAP
        if len(HTTPCORE_EXC_MAP) == 0:
            HTTPCORE_EXC_MAP = _load_httpcore_exceptions()
        try:
            yield
        except Exception as exc:
            mapped_exc = None
    
            for from_exc, to_exc in HTTPCORE_EXC_MAP.items():
                if not isinstance(exc, from_exc):
                    continue
                # We want to map to the most specific exception we can find.
                # Eg if `exc` is an `httpcore.ReadTimeout`, we want to map to
                # `httpx.ReadTimeout`, not just `httpx.TimeoutException`.
                if mapped_exc is None or issubclass(to_exc, mapped_exc):
                    mapped_exc = to_exc
    
            if mapped_exc is None:  # pragma: no cover
                raise
    
            message = str(exc)
>           raise mapped_exc(message) from exc
E           httpx.ConnectError: [Errno 111] Connection refused

../df-py/lib/python3.13/site-packages/httpx/_transports/default.py:118: ConnectError
__________________________________________________________________ ERROR at setup of test_login_signs_you_in_and_logout_signs_you_out __________________________________________________________________

    @contextlib.contextmanager
    def map_httpcore_exceptions() -> typing.Iterator[None]:
        global HTTPCORE_EXC_MAP
        if len(HTTPCORE_EXC_MAP) == 0:
            HTTPCORE_EXC_MAP = _load_httpcore_exceptions()
        try:
>           yield

../df-py/lib/python3.13/site-packages/httpx/_transports/default.py:101: 
_ _ _ _ _ _ _ _ _ _ _ _ _ _ _ _ _ _ _ _ _ _ _ _ _ _ _ _ _ _ _ _ _ _ _ _ _ _ _ _ _ _ _ _ _ _ _ _ _ _ _ _ _ _ _ _ _ _ _ _ _ _ _ _ _ _ _ _ _ _ _ _ _ _ _ _ _ _ _ _ _ _ _ _ _ _ _ _ _ _ _ _ _ _ _ _ _ _ _ _ 
../df-py/lib/python3.13/site-packages/httpx/_transports/default.py:250: in handle_request
    resp = self._pool.handle_request(req)
           ^^^^^^^^^^^^^^^^^^^^^^^^^^^^^^
../df-py/lib/python3.13/site-packages/httpcore/_sync/connection_pool.py:256: in handle_request
    raise exc from None
../df-py/lib/python3.13/site-packages/httpcore/_sync/connection_pool.py:236: in handle_request
    response = connection.handle_request(
../df-py/lib/python3.13/site-packages/httpcore/_sync/connection.py:101: in handle_request
    raise exc
../df-py/lib/python3.13/site-packages/httpcore/_sync/connection.py:78: in handle_request
    stream = self._connect(request)
             ^^^^^^^^^^^^^^^^^^^^^^
../df-py/lib/python3.13/site-packages/httpcore/_sync/connection.py:124: in _connect
    stream = self._network_backend.connect_tcp(**kwargs)
             ^^^^^^^^^^^^^^^^^^^^^^^^^^^^^^^^^^^^^^^^^^^
../df-py/lib/python3.13/site-packages/httpcore/_backends/sync.py:207: in connect_tcp
    with map_exceptions(exc_map):
         ^^^^^^^^^^^^^^^^^^^^^^^
/usr/lib/python3.13/contextlib.py:162: in __exit__
    self.gen.throw(value)
_ _ _ _ _ _ _ _ _ _ _ _ _ _ _ _ _ _ _ _ _ _ _ _ _ _ _ _ _ _ _ _ _ _ _ _ _ _ _ _ _ _ _ _ _ _ _ _ _ _ _ _ _ _ _ _ _ _ _ _ _ _ _ _ _ _ _ _ _ _ _ _ _ _ _ _ _ _ _ _ _ _ _ _ _ _ _ _ _ _ _ _ _ _ _ _ _ _ _ _ 

map = {<class 'TimeoutError'>: <class 'httpcore.ConnectTimeout'>, <class 'OSError'>: <class 'httpcore.ConnectError'>}

    @contextlib.contextmanager
    def map_exceptions(map: ExceptionMapping) -> typing.Iterator[None]:
        try:
            yield
        except Exception as exc:  # noqa: PIE786
            for from_exc, to_exc in map.items():
                if isinstance(exc, from_exc):
>                   raise to_exc(exc) from exc
E                   httpcore.ConnectError: [Errno 111] Connection refused

../df-py/lib/python3.13/site-packages/httpcore/_exceptions.py:14: ConnectError

The above exception was the direct cause of the following exception:

reset = <function reset.<locals>._reset at 0x7ff8aa97bd80>

    @pytest.fixture
    def seeded(reset):
        fixture = fx.fixture()
>       reset(fixture)

tablekeeper/test/stage_2/test_sample.py:19: 
_ _ _ _ _ _ _ _ _ _ _ _ _ _ _ _ _ _ _ _ _ _ _ _ _ _ _ _ _ _ _ _ _ _ _ _ _ _ _ _ _ _ _ _ _ _ _ _ _ _ _ _ _ _ _ _ _ _ _ _ _ _ _ _ _ _ _ _ _ _ _ _ _ _ _ _ _ _ _ _ _ _ _ _ _ _ _ _ _ _ _ _ _ _ _ _ _ _ _ _ 
harness/plugin.py:106: in _reset
    resp = httpx.post(f"{base_url}/_test/reset", json=fixture, timeout=RESET_TIMEOUT)
           ^^^^^^^^^^^^^^^^^^^^^^^^^^^^^^^^^^^^^^^^^^^^^^^^^^^^^^^^^^^^^^^^^^^^^^^^^^
../df-py/lib/python3.13/site-packages/httpx/_api.py:304: in post
    return request(
../df-py/lib/python3.13/site-packages/httpx/_api.py:109: in request
    return client.request(
../df-py/lib/python3.13/site-packages/httpx/_client.py:825: in request
    return self.send(request, auth=auth, follow_redirects=follow_redirects)
           ^^^^^^^^^^^^^^^^^^^^^^^^^^^^^^^^^^^^^^^^^^^^^^^^^^^^^^^^^^^^^^^^
../df-py/lib/python3.13/site-packages/httpx/_client.py:914: in send
    response = self._send_handling_auth(
../df-py/lib/python3.13/site-packages/httpx/_client.py:942: in _send_handling_auth
    response = self._send_handling_redirects(
../df-py/lib/python3.13/site-packages/httpx/_client.py:979: in _send_handling_redirects
    response = self._send_single_request(request)
               ^^^^^^^^^^^^^^^^^^^^^^^^^^^^^^^^^^
../df-py/lib/python3.13/site-packages/httpx/_client.py:1014: in _send_single_request
    response = transport.handle_request(request)
               ^^^^^^^^^^^^^^^^^^^^^^^^^^^^^^^^^
../df-py/lib/python3.13/site-packages/httpx/_transports/default.py:249: in handle_request
    with map_httpcore_exceptions():
         ^^^^^^^^^^^^^^^^^^^^^^^^^
/usr/lib/python3.13/contextlib.py:162: in __exit__
    self.gen.throw(value)
_ _ _ _ _ _ _ _ _ _ _ _ _ _ _ _ _ _ _ _ _ _ _ _ _ _ _ _ _ _ _ _ _ _ _ _ _ _ _ _ _ _ _ _ _ _ _ _ _ _ _ _ _ _ _ _ _ _ _ _ _ _ _ _ _ _ _ _ _ _ _ _ _ _ _ _ _ _ _ _ _ _ _ _ _ _ _ _ _ _ _ _ _ _ _ _ _ _ _ _ 

    @contextlib.contextmanager
    def map_httpcore_exceptions() -> typing.Iterator[None]:
        global HTTPCORE_EXC_MAP
        if len(HTTPCORE_EXC_MAP) == 0:
            HTTPCORE_EXC_MAP = _load_httpcore_exceptions()
        try:
            yield
        except Exception as exc:
            mapped_exc = None
    
            for from_exc, to_exc in HTTPCORE_EXC_MAP.items():
                if not isinstance(exc, from_exc):
                    continue
                # We want to map to the most specific exception we can find.
                # Eg if `exc` is an `httpcore.ReadTimeout`, we want to map to
                # `httpx.ReadTimeout`, not just `httpx.TimeoutException`.
                if mapped_exc is None or issubclass(to_exc, mapped_exc):
                    mapped_exc = to_exc
    
            if mapped_exc is None:  # pragma: no cover
                raise
    
            message = str(exc)
>           raise mapped_exc(message) from exc
E           httpx.ConnectError: [Errno 111] Connection refused

../df-py/lib/python3.13/site-packages/httpx/_transports/default.py:118: ConnectError
______________________________________________________________________ ERROR at setup of test_booking_flow_reaches_a_confirmation ______________________________________________________________________

    @contextlib.contextmanager
    def map_httpcore_exceptions() -> typing.Iterator[None]:
        global HTTPCORE_EXC_MAP
        if len(HTTPCORE_EXC_MAP) == 0:
            HTTPCORE_EXC_MAP = _load_httpcore_exceptions()
        try:
>           yield

../df-py/lib/python3.13/site-packages/httpx/_transports/default.py:101: 
_ _ _ _ _ _ _ _ _ _ _ _ _ _ _ _ _ _ _ _ _ _ _ _ _ _ _ _ _ _ _ _ _ _ _ _ _ _ _ _ _ _ _ _ _ _ _ _ _ _ _ _ _ _ _ _ _ _ _ _ _ _ _ _ _ _ _ _ _ _ _ _ _ _ _ _ _ _ _ _ _ _ _ _ _ _ _ _ _ _ _ _ _ _ _ _ _ _ _ _ 
../df-py/lib/python3.13/site-packages/httpx/_transports/default.py:250: in handle_request
    resp = self._pool.handle_request(req)
           ^^^^^^^^^^^^^^^^^^^^^^^^^^^^^^
../df-py/lib/python3.13/site-packages/httpcore/_sync/connection_pool.py:256: in handle_request
    raise exc from None
../df-py/lib/python3.13/site-packages/httpcore/_sync/connection_pool.py:236: in handle_request
    response = connection.handle_request(
../df-py/lib/python3.13/site-packages/httpcore/_sync/connection.py:101: in handle_request
    raise exc
../df-py/lib/python3.13/site-packages/httpcore/_sync/connection.py:78: in handle_request
    stream = self._connect(request)
             ^^^^^^^^^^^^^^^^^^^^^^
../df-py/lib/python3.13/site-packages/httpcore/_sync/connection.py:124: in _connect
    stream = self._network_backend.connect_tcp(**kwargs)
             ^^^^^^^^^^^^^^^^^^^^^^^^^^^^^^^^^^^^^^^^^^^
../df-py/lib/python3.13/site-packages/httpcore/_backends/sync.py:207: in connect_tcp
    with map_exceptions(exc_map):
         ^^^^^^^^^^^^^^^^^^^^^^^
/usr/lib/python3.13/contextlib.py:162: in __exit__
    self.gen.throw(value)
_ _ _ _ _ _ _ _ _ _ _ _ _ _ _ _ _ _ _ _ _ _ _ _ _ _ _ _ _ _ _ _ _ _ _ _ _ _ _ _ _ _ _ _ _ _ _ _ _ _ _ _ _ _ _ _ _ _ _ _ _ _ _ _ _ _ _ _ _ _ _ _ _ _ _ _ _ _ _ _ _ _ _ _ _ _ _ _ _ _ _ _ _ _ _ _ _ _ _ _ 

map = {<class 'TimeoutError'>: <class 'httpcore.ConnectTimeout'>, <class 'OSError'>: <class 'httpcore.ConnectError'>}

    @contextlib.contextmanager
    def map_exceptions(map: ExceptionMapping) -> typing.Iterator[None]:
        try:
            yield
        except Exception as exc:  # noqa: PIE786
            for from_exc, to_exc in map.items():
                if isinstance(exc, from_exc):
>                   raise to_exc(exc) from exc
E                   httpcore.ConnectError: [Errno 111] Connection refused

../df-py/lib/python3.13/site-packages/httpcore/_exceptions.py:14: ConnectError

The above exception was the direct cause of the following exception:

reset = <function reset.<locals>._reset at 0x7ff8aa97b2e0>

    @pytest.fixture
    def seeded(reset):
        fixture = fx.fixture()
>       reset(fixture)

tablekeeper/test/stage_2/test_sample.py:19: 
_ _ _ _ _ _ _ _ _ _ _ _ _ _ _ _ _ _ _ _ _ _ _ _ _ _ _ _ _ _ _ _ _ _ _ _ _ _ _ _ _ _ _ _ _ _ _ _ _ _ _ _ _ _ _ _ _ _ _ _ _ _ _ _ _ _ _ _ _ _ _ _ _ _ _ _ _ _ _ _ _ _ _ _ _ _ _ _ _ _ _ _ _ _ _ _ _ _ _ _ 
harness/plugin.py:106: in _reset
    resp = httpx.post(f"{base_url}/_test/reset", json=fixture, timeout=RESET_TIMEOUT)
           ^^^^^^^^^^^^^^^^^^^^^^^^^^^^^^^^^^^^^^^^^^^^^^^^^^^^^^^^^^^^^^^^^^^^^^^^^^
../df-py/lib/python3.13/site-packages/httpx/_api.py:304: in post
    return request(
../df-py/lib/python3.13/site-packages/httpx/_api.py:109: in request
    return client.request(
../df-py/lib/python3.13/site-packages/httpx/_client.py:825: in request
    return self.send(request, auth=auth, follow_redirects=follow_redirects)
           ^^^^^^^^^^^^^^^^^^^^^^^^^^^^^^^^^^^^^^^^^^^^^^^^^^^^^^^^^^^^^^^^
../df-py/lib/python3.13/site-packages/httpx/_client.py:914: in send
    response = self._send_handling_auth(
../df-py/lib/python3.13/site-packages/httpx/_client.py:942: in _send_handling_auth
    response = self._send_handling_redirects(
../df-py/lib/python3.13/site-packages/httpx/_client.py:979: in _send_handling_redirects
    response = self._send_single_request(request)
               ^^^^^^^^^^^^^^^^^^^^^^^^^^^^^^^^^^
../df-py/lib/python3.13/site-packages/httpx/_client.py:1014: in _send_single_request
    response = transport.handle_request(request)
               ^^^^^^^^^^^^^^^^^^^^^^^^^^^^^^^^^
../df-py/lib/python3.13/site-packages/httpx/_transports/default.py:249: in handle_request
    with map_httpcore_exceptions():
         ^^^^^^^^^^^^^^^^^^^^^^^^^
/usr/lib/python3.13/contextlib.py:162: in __exit__
    self.gen.throw(value)
_ _ _ _ _ _ _ _ _ _ _ _ _ _ _ _ _ _ _ _ _ _ _ _ _ _ _ _ _ _ _ _ _ _ _ _ _ _ _ _ _ _ _ _ _ _ _ _ _ _ _ _ _ _ _ _ _ _ _ _ _ _ _ _ _ _ _ _ _ _ _ _ _ _ _ _ _ _ _ _ _ _ _ _ _ _ _ _ _ _ _ _ _ _ _ _ _ _ _ _ 

    @contextlib.contextmanager
    def map_httpcore_exceptions() -> typing.Iterator[None]:
        global HTTPCORE_EXC_MAP
        if len(HTTPCORE_EXC_MAP) == 0:
            HTTPCORE_EXC_MAP = _load_httpcore_exceptions()
        try:
            yield
        except Exception as exc:
            mapped_exc = None
    
            for from_exc, to_exc in HTTPCORE_EXC_MAP.items():
                if not isinstance(exc, from_exc):
                    continue
                # We want to map to the most specific exception we can find.
                # Eg if `exc` is an `httpcore.ReadTimeout`, we want to map to
                # `httpx.ReadTimeout`, not just `httpx.TimeoutException`.
                if mapped_exc is None or issubclass(to_exc, mapped_exc):
                    mapped_exc = to_exc
    
            if mapped_exc is None:  # pragma: no cover
                raise
    
            message = str(exc)
>           raise mapped_exc(message) from exc
E           httpx.ConnectError: [Errno 111] Connection refused

../df-py/lib/python3.13/site-packages/httpx/_transports/default.py:118: ConnectError
______________________________________________________________________________ ERROR at setup of test_signup_signs_you_in ______________________________________________________________________________

    @contextlib.contextmanager
    def map_httpcore_exceptions() -> typing.Iterator[None]:
        global HTTPCORE_EXC_MAP
        if len(HTTPCORE_EXC_MAP) == 0:
            HTTPCORE_EXC_MAP = _load_httpcore_exceptions()
        try:
>           yield

../df-py/lib/python3.13/site-packages/httpx/_transports/default.py:101: 
_ _ _ _ _ _ _ _ _ _ _ _ _ _ _ _ _ _ _ _ _ _ _ _ _ _ _ _ _ _ _ _ _ _ _ _ _ _ _ _ _ _ _ _ _ _ _ _ _ _ _ _ _ _ _ _ _ _ _ _ _ _ _ _ _ _ _ _ _ _ _ _ _ _ _ _ _ _ _ _ _ _ _ _ _ _ _ _ _ _ _ _ _ _ _ _ _ _ _ _ 
../df-py/lib/python3.13/site-packages/httpx/_transports/default.py:250: in handle_request
    resp = self._pool.handle_request(req)
           ^^^^^^^^^^^^^^^^^^^^^^^^^^^^^^
../df-py/lib/python3.13/site-packages/httpcore/_sync/connection_pool.py:256: in handle_request
    raise exc from None
../df-py/lib/python3.13/site-packages/httpcore/_sync/connection_pool.py:236: in handle_request
    response = connection.handle_request(
../df-py/lib/python3.13/site-packages/httpcore/_sync/connection.py:101: in handle_request
    raise exc
../df-py/lib/python3.13/site-packages/httpcore/_sync/connection.py:78: in handle_request
    stream = self._connect(request)
             ^^^^^^^^^^^^^^^^^^^^^^
../df-py/lib/python3.13/site-packages/httpcore/_sync/connection.py:124: in _connect
    stream = self._network_backend.connect_tcp(**kwargs)
             ^^^^^^^^^^^^^^^^^^^^^^^^^^^^^^^^^^^^^^^^^^^
../df-py/lib/python3.13/site-packages/httpcore/_backends/sync.py:207: in connect_tcp
    with map_exceptions(exc_map):
         ^^^^^^^^^^^^^^^^^^^^^^^
/usr/lib/python3.13/contextlib.py:162: in __exit__
    self.gen.throw(value)
_ _ _ _ _ _ _ _ _ _ _ _ _ _ _ _ _ _ _ _ _ _ _ _ _ _ _ _ _ _ _ _ _ _ _ _ _ _ _ _ _ _ _ _ _ _ _ _ _ _ _ _ _ _ _ _ _ _ _ _ _ _ _ _ _ _ _ _ _ _ _ _ _ _ _ _ _ _ _ _ _ _ _ _ _ _ _ _ _ _ _ _ _ _ _ _ _ _ _ _ 

map = {<class 'TimeoutError'>: <class 'httpcore.ConnectTimeout'>, <class 'OSError'>: <class 'httpcore.ConnectError'>}

    @contextlib.contextmanager
    def map_exceptions(map: ExceptionMapping) -> typing.Iterator[None]:
        try:
            yield
        except Exception as exc:  # noqa: PIE786
            for from_exc, to_exc in map.items():
                if isinstance(exc, from_exc):
>                   raise to_exc(exc) from exc
E                   httpcore.ConnectError: [Errno 111] Connection refused

../df-py/lib/python3.13/site-packages/httpcore/_exceptions.py:14: ConnectError

The above exception was the direct cause of the following exception:

reset = <function reset.<locals>._reset at 0x7ff8aa340c20>

    @pytest.fixture
    def seeded(reset):
        fixture = fx.fixture()
>       reset(fixture)

tablekeeper/test/stage_2/test_ui.py:15: 
_ _ _ _ _ _ _ _ _ _ _ _ _ _ _ _ _ _ _ _ _ _ _ _ _ _ _ _ _ _ _ _ _ _ _ _ _ _ _ _ _ _ _ _ _ _ _ _ _ _ _ _ _ _ _ _ _ _ _ _ _ _ _ _ _ _ _ _ _ _ _ _ _ _ _ _ _ _ _ _ _ _ _ _ _ _ _ _ _ _ _ _ _ _ _ _ _ _ _ _ 
harness/plugin.py:106: in _reset
    resp = httpx.post(f"{base_url}/_test/reset", json=fixture, timeout=RESET_TIMEOUT)
           ^^^^^^^^^^^^^^^^^^^^^^^^^^^^^^^^^^^^^^^^^^^^^^^^^^^^^^^^^^^^^^^^^^^^^^^^^^
../df-py/lib/python3.13/site-packages/httpx/_api.py:304: in post
    return request(
../df-py/lib/python3.13/site-packages/httpx/_api.py:109: in request
    return client.request(
../df-py/lib/python3.13/site-packages/httpx/_client.py:825: in request
    return self.send(request, auth=auth, follow_redirects=follow_redirects)
           ^^^^^^^^^^^^^^^^^^^^^^^^^^^^^^^^^^^^^^^^^^^^^^^^^^^^^^^^^^^^^^^^
../df-py/lib/python3.13/site-packages/httpx/_client.py:914: in send
    response = self._send_handling_auth(
../df-py/lib/python3.13/site-packages/httpx/_client.py:942: in _send_handling_auth
    response = self._send_handling_redirects(
../df-py/lib/python3.13/site-packages/httpx/_client.py:979: in _send_handling_redirects
    response = self._send_single_request(request)
               ^^^^^^^^^^^^^^^^^^^^^^^^^^^^^^^^^^
../df-py/lib/python3.13/site-packages/httpx/_client.py:1014: in _send_single_request
    response = transport.handle_request(request)
               ^^^^^^^^^^^^^^^^^^^^^^^^^^^^^^^^^
../df-py/lib/python3.13/site-packages/httpx/_transports/default.py:249: in handle_request
    with map_httpcore_exceptions():
         ^^^^^^^^^^^^^^^^^^^^^^^^^
/usr/lib/python3.13/contextlib.py:162: in __exit__
    self.gen.throw(value)
_ _ _ _ _ _ _ _ _ _ _ _ _ _ _ _ _ _ _ _ _ _ _ _ _ _ _ _ _ _ _ _ _ _ _ _ _ _ _ _ _ _ _ _ _ _ _ _ _ _ _ _ _ _ _ _ _ _ _ _ _ _ _ _ _ _ _ _ _ _ _ _ _ _ _ _ _ _ _ _ _ _ _ _ _ _ _ _ _ _ _ _ _ _ _ _ _ _ _ _ 

    @contextlib.contextmanager
    def map_httpcore_exceptions() -> typing.Iterator[None]:
        global HTTPCORE_EXC_MAP
        if len(HTTPCORE_EXC_MAP) == 0:
            HTTPCORE_EXC_MAP = _load_httpcore_exceptions()
        try:
            yield
        except Exception as exc:
            mapped_exc = None
    
            for from_exc, to_exc in HTTPCORE_EXC_MAP.items():
                if not isinstance(exc, from_exc):
                    continue
                # We want to map to the most specific exception we can find.
                # Eg if `exc` is an `httpcore.ReadTimeout`, we want to map to
                # `httpx.ReadTimeout`, not just `httpx.TimeoutException`.
                if mapped_exc is None or issubclass(to_exc, mapped_exc):
                    mapped_exc = to_exc
    
            if mapped_exc is None:  # pragma: no cover
                raise
    
            message = str(exc)
>           raise mapped_exc(message) from exc
E           httpx.ConnectError: [Errno 111] Connection refused

../df-py/lib/python3.13/site-packages/httpx/_transports/default.py:118: ConnectError
__________________________________________________________________________ ERROR at setup of test_bad_login_shows_auth_error ___________________________________________________________________________

    @contextlib.contextmanager
    def map_httpcore_exceptions() -> typing.Iterator[None]:
        global HTTPCORE_EXC_MAP
        if len(HTTPCORE_EXC_MAP) == 0:
            HTTPCORE_EXC_MAP = _load_httpcore_exceptions()
        try:
>           yield

../df-py/lib/python3.13/site-packages/httpx/_transports/default.py:101: 
_ _ _ _ _ _ _ _ _ _ _ _ _ _ _ _ _ _ _ _ _ _ _ _ _ _ _ _ _ _ _ _ _ _ _ _ _ _ _ _ _ _ _ _ _ _ _ _ _ _ _ _ _ _ _ _ _ _ _ _ _ _ _ _ _ _ _ _ _ _ _ _ _ _ _ _ _ _ _ _ _ _ _ _ _ _ _ _ _ _ _ _ _ _ _ _ _ _ _ _ 
../df-py/lib/python3.13/site-packages/httpx/_transports/default.py:250: in handle_request
    resp = self._pool.handle_request(req)
           ^^^^^^^^^^^^^^^^^^^^^^^^^^^^^^
../df-py/lib/python3.13/site-packages/httpcore/_sync/connection_pool.py:256: in handle_request
    raise exc from None
../df-py/lib/python3.13/site-packages/httpcore/_sync/connection_pool.py:236: in handle_request
    response = connection.handle_request(
../df-py/lib/python3.13/site-packages/httpcore/_sync/connection.py:101: in handle_request
    raise exc
../df-py/lib/python3.13/site-packages/httpcore/_sync/connection.py:78: in handle_request
    stream = self._connect(request)
             ^^^^^^^^^^^^^^^^^^^^^^
../df-py/lib/python3.13/site-packages/httpcore/_sync/connection.py:124: in _connect
    stream = self._network_backend.connect_tcp(**kwargs)
             ^^^^^^^^^^^^^^^^^^^^^^^^^^^^^^^^^^^^^^^^^^^
../df-py/lib/python3.13/site-packages/httpcore/_backends/sync.py:207: in connect_tcp
    with map_exceptions(exc_map):
         ^^^^^^^^^^^^^^^^^^^^^^^
/usr/lib/python3.13/contextlib.py:162: in __exit__
    self.gen.throw(value)
_ _ _ _ _ _ _ _ _ _ _ _ _ _ _ _ _ _ _ _ _ _ _ _ _ _ _ _ _ _ _ _ _ _ _ _ _ _ _ _ _ _ _ _ _ _ _ _ _ _ _ _ _ _ _ _ _ _ _ _ _ _ _ _ _ _ _ _ _ _ _ _ _ _ _ _ _ _ _ _ _ _ _ _ _ _ _ _ _ _ _ _ _ _ _ _ _ _ _ _ 

map = {<class 'TimeoutError'>: <class 'httpcore.ConnectTimeout'>, <class 'OSError'>: <class 'httpcore.ConnectError'>}

    @contextlib.contextmanager
    def map_exceptions(map: ExceptionMapping) -> typing.Iterator[None]:
        try:
            yield
        except Exception as exc:  # noqa: PIE786
            for from_exc, to_exc in map.items():
                if isinstance(exc, from_exc):
>                   raise to_exc(exc) from exc
E                   httpcore.ConnectError: [Errno 111] Connection refused

../df-py/lib/python3.13/site-packages/httpcore/_exceptions.py:14: ConnectError

The above exception was the direct cause of the following exception:

reset = <function reset.<locals>._reset at 0x7ff8aa3413a0>

    @pytest.fixture
    def seeded(reset):
        fixture = fx.fixture()
>       reset(fixture)

tablekeeper/test/stage_2/test_ui.py:15: 
_ _ _ _ _ _ _ _ _ _ _ _ _ _ _ _ _ _ _ _ _ _ _ _ _ _ _ _ _ _ _ _ _ _ _ _ _ _ _ _ _ _ _ _ _ _ _ _ _ _ _ _ _ _ _ _ _ _ _ _ _ _ _ _ _ _ _ _ _ _ _ _ _ _ _ _ _ _ _ _ _ _ _ _ _ _ _ _ _ _ _ _ _ _ _ _ _ _ _ _ 
harness/plugin.py:106: in _reset
    resp = httpx.post(f"{base_url}/_test/reset", json=fixture, timeout=RESET_TIMEOUT)
           ^^^^^^^^^^^^^^^^^^^^^^^^^^^^^^^^^^^^^^^^^^^^^^^^^^^^^^^^^^^^^^^^^^^^^^^^^^
../df-py/lib/python3.13/site-packages/httpx/_api.py:304: in post
    return request(
../df-py/lib/python3.13/site-packages/httpx/_api.py:109: in request
    return client.request(
../df-py/lib/python3.13/site-packages/httpx/_client.py:825: in request
    return self.send(request, auth=auth, follow_redirects=follow_redirects)
           ^^^^^^^^^^^^^^^^^^^^^^^^^^^^^^^^^^^^^^^^^^^^^^^^^^^^^^^^^^^^^^^^
../df-py/lib/python3.13/site-packages/httpx/_client.py:914: in send
    response = self._send_handling_auth(
../df-py/lib/python3.13/site-packages/httpx/_client.py:942: in _send_handling_auth
    response = self._send_handling_redirects(
../df-py/lib/python3.13/site-packages/httpx/_client.py:979: in _send_handling_redirects
    response = self._send_single_request(request)
               ^^^^^^^^^^^^^^^^^^^^^^^^^^^^^^^^^^
../df-py/lib/python3.13/site-packages/httpx/_client.py:1014: in _send_single_request
    response = transport.handle_request(request)
               ^^^^^^^^^^^^^^^^^^^^^^^^^^^^^^^^^
../df-py/lib/python3.13/site-packages/httpx/_transports/default.py:249: in handle_request
    with map_httpcore_exceptions():
         ^^^^^^^^^^^^^^^^^^^^^^^^^
/usr/lib/python3.13/contextlib.py:162: in __exit__
    self.gen.throw(value)
_ _ _ _ _ _ _ _ _ _ _ _ _ _ _ _ _ _ _ _ _ _ _ _ _ _ _ _ _ _ _ _ _ _ _ _ _ _ _ _ _ _ _ _ _ _ _ _ _ _ _ _ _ _ _ _ _ _ _ _ _ _ _ _ _ _ _ _ _ _ _ _ _ _ _ _ _ _ _ _ _ _ _ _ _ _ _ _ _ _ _ _ _ _ _ _ _ _ _ _ 

    @contextlib.contextmanager
    def map_httpcore_exceptions() -> typing.Iterator[None]:
        global HTTPCORE_EXC_MAP
        if len(HTTPCORE_EXC_MAP) == 0:
            HTTPCORE_EXC_MAP = _load_httpcore_exceptions()
        try:
            yield
        except Exception as exc:
            mapped_exc = None
    
            for from_exc, to_exc in HTTPCORE_EXC_MAP.items():
                if not isinstance(exc, from_exc):
                    continue
                # We want to map to the most specific exception we can find.
                # Eg if `exc` is an `httpcore.ReadTimeout`, we want to map to
                # `httpx.ReadTimeout`, not just `httpx.TimeoutException`.
                if mapped_exc is None or issubclass(to_exc, mapped_exc):
                    mapped_exc = to_exc
    
            if mapped_exc is None:  # pragma: no cover
                raise
    
            message = str(exc)
>           raise mapped_exc(message) from exc
E           httpx.ConnectError: [Errno 111] Connection refused

../df-py/lib/python3.13/site-packages/httpx/_transports/default.py:118: ConnectError
____________________________________________________________________ ERROR at setup of test_auth_error_is_absent_when_there_is_none ____________________________________________________________________

    @contextlib.contextmanager
    def map_httpcore_exceptions() -> typing.Iterator[None]:
        global HTTPCORE_EXC_MAP
        if len(HTTPCORE_EXC_MAP) == 0:
            HTTPCORE_EXC_MAP = _load_httpcore_exceptions()
        try:
>           yield

../df-py/lib/python3.13/site-packages/httpx/_transports/default.py:101: 
_ _ _ _ _ _ _ _ _ _ _ _ _ _ _ _ _ _ _ _ _ _ _ _ _ _ _ _ _ _ _ _ _ _ _ _ _ _ _ _ _ _ _ _ _ _ _ _ _ _ _ _ _ _ _ _ _ _ _ _ _ _ _ _ _ _ _ _ _ _ _ _ _ _ _ _ _ _ _ _ _ _ _ _ _ _ _ _ _ _ _ _ _ _ _ _ _ _ _ _ 
../df-py/lib/python3.13/site-packages/httpx/_transports/default.py:250: in handle_request
    resp = self._pool.handle_request(req)
           ^^^^^^^^^^^^^^^^^^^^^^^^^^^^^^
../df-py/lib/python3.13/site-packages/httpcore/_sync/connection_pool.py:256: in handle_request
    raise exc from None
../df-py/lib/python3.13/site-packages/httpcore/_sync/connection_pool.py:236: in handle_request
    response = connection.handle_request(
../df-py/lib/python3.13/site-packages/httpcore/_sync/connection.py:101: in handle_request
    raise exc
../df-py/lib/python3.13/site-packages/httpcore/_sync/connection.py:78: in handle_request
    stream = self._connect(request)
             ^^^^^^^^^^^^^^^^^^^^^^
../df-py/lib/python3.13/site-packages/httpcore/_sync/connection.py:124: in _connect
    stream = self._network_backend.connect_tcp(**kwargs)
             ^^^^^^^^^^^^^^^^^^^^^^^^^^^^^^^^^^^^^^^^^^^
../df-py/lib/python3.13/site-packages/httpcore/_backends/sync.py:207: in connect_tcp
    with map_exceptions(exc_map):
         ^^^^^^^^^^^^^^^^^^^^^^^
/usr/lib/python3.13/contextlib.py:162: in __exit__
    self.gen.throw(value)
_ _ _ _ _ _ _ _ _ _ _ _ _ _ _ _ _ _ _ _ _ _ _ _ _ _ _ _ _ _ _ _ _ _ _ _ _ _ _ _ _ _ _ _ _ _ _ _ _ _ _ _ _ _ _ _ _ _ _ _ _ _ _ _ _ _ _ _ _ _ _ _ _ _ _ _ _ _ _ _ _ _ _ _ _ _ _ _ _ _ _ _ _ _ _ _ _ _ _ _ 

map = {<class 'TimeoutError'>: <class 'httpcore.ConnectTimeout'>, <class 'OSError'>: <class 'httpcore.ConnectError'>}

    @contextlib.contextmanager
    def map_exceptions(map: ExceptionMapping) -> typing.Iterator[None]:
        try:
            yield
        except Exception as exc:  # noqa: PIE786
            for from_exc, to_exc in map.items():
                if isinstance(exc, from_exc):
>                   raise to_exc(exc) from exc
E                   httpcore.ConnectError: [Errno 111] Connection refused

../df-py/lib/python3.13/site-packages/httpcore/_exceptions.py:14: ConnectError

The above exception was the direct cause of the following exception:

reset = <function reset.<locals>._reset at 0x7ff8aa341800>

    @pytest.fixture
    def seeded(reset):
        fixture = fx.fixture()
>       reset(fixture)

tablekeeper/test/stage_2/test_ui.py:15: 
_ _ _ _ _ _ _ _ _ _ _ _ _ _ _ _ _ _ _ _ _ _ _ _ _ _ _ _ _ _ _ _ _ _ _ _ _ _ _ _ _ _ _ _ _ _ _ _ _ _ _ _ _ _ _ _ _ _ _ _ _ _ _ _ _ _ _ _ _ _ _ _ _ _ _ _ _ _ _ _ _ _ _ _ _ _ _ _ _ _ _ _ _ _ _ _ _ _ _ _ 
harness/plugin.py:106: in _reset
    resp = httpx.post(f"{base_url}/_test/reset", json=fixture, timeout=RESET_TIMEOUT)
           ^^^^^^^^^^^^^^^^^^^^^^^^^^^^^^^^^^^^^^^^^^^^^^^^^^^^^^^^^^^^^^^^^^^^^^^^^^
../df-py/lib/python3.13/site-packages/httpx/_api.py:304: in post
    return request(
../df-py/lib/python3.13/site-packages/httpx/_api.py:109: in request
    return client.request(
../df-py/lib/python3.13/site-packages/httpx/_client.py:825: in request
    return self.send(request, auth=auth, follow_redirects=follow_redirects)
           ^^^^^^^^^^^^^^^^^^^^^^^^^^^^^^^^^^^^^^^^^^^^^^^^^^^^^^^^^^^^^^^^
../df-py/lib/python3.13/site-packages/httpx/_client.py:914: in send
    response = self._send_handling_auth(
../df-py/lib/python3.13/site-packages/httpx/_client.py:942: in _send_handling_auth
    response = self._send_handling_redirects(
../df-py/lib/python3.13/site-packages/httpx/_client.py:979: in _send_handling_redirects
    response = self._send_single_request(request)
               ^^^^^^^^^^^^^^^^^^^^^^^^^^^^^^^^^^
../df-py/lib/python3.13/site-packages/httpx/_client.py:1014: in _send_single_request
    response = transport.handle_request(request)
               ^^^^^^^^^^^^^^^^^^^^^^^^^^^^^^^^^
../df-py/lib/python3.13/site-packages/httpx/_transports/default.py:249: in handle_request
    with map_httpcore_exceptions():
         ^^^^^^^^^^^^^^^^^^^^^^^^^
/usr/lib/python3.13/contextlib.py:162: in __exit__
    self.gen.throw(value)
_ _ _ _ _ _ _ _ _ _ _ _ _ _ _ _ _ _ _ _ _ _ _ _ _ _ _ _ _ _ _ _ _ _ _ _ _ _ _ _ _ _ _ _ _ _ _ _ _ _ _ _ _ _ _ _ _ _ _ _ _ _ _ _ _ _ _ _ _ _ _ _ _ _ _ _ _ _ _ _ _ _ _ _ _ _ _ _ _ _ _ _ _ _ _ _ _ _ _ _ 

    @contextlib.contextmanager
    def map_httpcore_exceptions() -> typing.Iterator[None]:
        global HTTPCORE_EXC_MAP
        if len(HTTPCORE_EXC_MAP) == 0:
            HTTPCORE_EXC_MAP = _load_httpcore_exceptions()
        try:
            yield
        except Exception as exc:
            mapped_exc = None
    
            for from_exc, to_exc in HTTPCORE_EXC_MAP.items():
                if not isinstance(exc, from_exc):
                    continue
                # We want to map to the most specific exception we can find.
                # Eg if `exc` is an `httpcore.ReadTimeout`, we want to map to
                # `httpx.ReadTimeout`, not just `httpx.TimeoutException`.
                if mapped_exc is None or issubclass(to_exc, mapped_exc):
                    mapped_exc = to_exc
    
            if mapped_exc is None:  # pragma: no cover
                raise
    
            message = str(exc)
>           raise mapped_exc(message) from exc
E           httpx.ConnectError: [Errno 111] Connection refused

../df-py/lib/python3.13/site-packages/httpx/_transports/default.py:118: ConnectError
_____________________________________________________________________ ERROR at setup of test_grid_shows_a_cell_per_table_per_slot ______________________________________________________________________

    @contextlib.contextmanager
    def map_httpcore_exceptions() -> typing.Iterator[None]:
        global HTTPCORE_EXC_MAP
        if len(HTTPCORE_EXC_MAP) == 0:
            HTTPCORE_EXC_MAP = _load_httpcore_exceptions()
        try:
>           yield

../df-py/lib/python3.13/site-packages/httpx/_transports/default.py:101: 
_ _ _ _ _ _ _ _ _ _ _ _ _ _ _ _ _ _ _ _ _ _ _ _ _ _ _ _ _ _ _ _ _ _ _ _ _ _ _ _ _ _ _ _ _ _ _ _ _ _ _ _ _ _ _ _ _ _ _ _ _ _ _ _ _ _ _ _ _ _ _ _ _ _ _ _ _ _ _ _ _ _ _ _ _ _ _ _ _ _ _ _ _ _ _ _ _ _ _ _ 
../df-py/lib/python3.13/site-packages/httpx/_transports/default.py:250: in handle_request
    resp = self._pool.handle_request(req)
           ^^^^^^^^^^^^^^^^^^^^^^^^^^^^^^
../df-py/lib/python3.13/site-packages/httpcore/_sync/connection_pool.py:256: in handle_request
    raise exc from None
../df-py/lib/python3.13/site-packages/httpcore/_sync/connection_pool.py:236: in handle_request
    response = connection.handle_request(
../df-py/lib/python3.13/site-packages/httpcore/_sync/connection.py:101: in handle_request
    raise exc
../df-py/lib/python3.13/site-packages/httpcore/_sync/connection.py:78: in handle_request
    stream = self._connect(request)
             ^^^^^^^^^^^^^^^^^^^^^^
../df-py/lib/python3.13/site-packages/httpcore/_sync/connection.py:124: in _connect
    stream = self._network_backend.connect_tcp(**kwargs)
             ^^^^^^^^^^^^^^^^^^^^^^^^^^^^^^^^^^^^^^^^^^^
../df-py/lib/python3.13/site-packages/httpcore/_backends/sync.py:207: in connect_tcp
    with map_exceptions(exc_map):
         ^^^^^^^^^^^^^^^^^^^^^^^
/usr/lib/python3.13/contextlib.py:162: in __exit__
    self.gen.throw(value)
_ _ _ _ _ _ _ _ _ _ _ _ _ _ _ _ _ _ _ _ _ _ _ _ _ _ _ _ _ _ _ _ _ _ _ _ _ _ _ _ _ _ _ _ _ _ _ _ _ _ _ _ _ _ _ _ _ _ _ _ _ _ _ _ _ _ _ _ _ _ _ _ _ _ _ _ _ _ _ _ _ _ _ _ _ _ _ _ _ _ _ _ _ _ _ _ _ _ _ _ 

map = {<class 'TimeoutError'>: <class 'httpcore.ConnectTimeout'>, <class 'OSError'>: <class 'httpcore.ConnectError'>}

    @contextlib.contextmanager
    def map_exceptions(map: ExceptionMapping) -> typing.Iterator[None]:
        try:
            yield
        except Exception as exc:  # noqa: PIE786
            for from_exc, to_exc in map.items():
                if isinstance(exc, from_exc):
>                   raise to_exc(exc) from exc
E                   httpcore.ConnectError: [Errno 111] Connection refused

../df-py/lib/python3.13/site-packages/httpcore/_exceptions.py:14: ConnectError

The above exception was the direct cause of the following exception:

reset = <function reset.<locals>._reset at 0x7ff8aa341da0>

    @pytest.fixture
    def seeded(reset):
        fixture = fx.fixture()
>       reset(fixture)

tablekeeper/test/stage_2/test_ui.py:15: 
_ _ _ _ _ _ _ _ _ _ _ _ _ _ _ _ _ _ _ _ _ _ _ _ _ _ _ _ _ _ _ _ _ _ _ _ _ _ _ _ _ _ _ _ _ _ _ _ _ _ _ _ _ _ _ _ _ _ _ _ _ _ _ _ _ _ _ _ _ _ _ _ _ _ _ _ _ _ _ _ _ _ _ _ _ _ _ _ _ _ _ _ _ _ _ _ _ _ _ _ 
harness/plugin.py:106: in _reset
    resp = httpx.post(f"{base_url}/_test/reset", json=fixture, timeout=RESET_TIMEOUT)
           ^^^^^^^^^^^^^^^^^^^^^^^^^^^^^^^^^^^^^^^^^^^^^^^^^^^^^^^^^^^^^^^^^^^^^^^^^^
../df-py/lib/python3.13/site-packages/httpx/_api.py:304: in post
    return request(
../df-py/lib/python3.13/site-packages/httpx/_api.py:109: in request
    return client.request(
../df-py/lib/python3.13/site-packages/httpx/_client.py:825: in request
    return self.send(request, auth=auth, follow_redirects=follow_redirects)
           ^^^^^^^^^^^^^^^^^^^^^^^^^^^^^^^^^^^^^^^^^^^^^^^^^^^^^^^^^^^^^^^^
../df-py/lib/python3.13/site-packages/httpx/_client.py:914: in send
    response = self._send_handling_auth(
../df-py/lib/python3.13/site-packages/httpx/_client.py:942: in _send_handling_auth
    response = self._send_handling_redirects(
../df-py/lib/python3.13/site-packages/httpx/_client.py:979: in _send_handling_redirects
    response = self._send_single_request(request)
               ^^^^^^^^^^^^^^^^^^^^^^^^^^^^^^^^^^
../df-py/lib/python3.13/site-packages/httpx/_client.py:1014: in _send_single_request
    response = transport.handle_request(request)
               ^^^^^^^^^^^^^^^^^^^^^^^^^^^^^^^^^
../df-py/lib/python3.13/site-packages/httpx/_transports/default.py:249: in handle_request
    with map_httpcore_exceptions():
         ^^^^^^^^^^^^^^^^^^^^^^^^^
/usr/lib/python3.13/contextlib.py:162: in __exit__
    self.gen.throw(value)
_ _ _ _ _ _ _ _ _ _ _ _ _ _ _ _ _ _ _ _ _ _ _ _ _ _ _ _ _ _ _ _ _ _ _ _ _ _ _ _ _ _ _ _ _ _ _ _ _ _ _ _ _ _ _ _ _ _ _ _ _ _ _ _ _ _ _ _ _ _ _ _ _ _ _ _ _ _ _ _ _ _ _ _ _ _ _ _ _ _ _ _ _ _ _ _ _ _ _ _ 

    @contextlib.contextmanager
    def map_httpcore_exceptions() -> typing.Iterator[None]:
        global HTTPCORE_EXC_MAP
        if len(HTTPCORE_EXC_MAP) == 0:
            HTTPCORE_EXC_MAP = _load_httpcore_exceptions()
        try:
            yield
        except Exception as exc:
            mapped_exc = None
    
            for from_exc, to_exc in HTTPCORE_EXC_MAP.items():
                if not isinstance(exc, from_exc):
                    continue
                # We want to map to the most specific exception we can find.
                # Eg if `exc` is an `httpcore.ReadTimeout`, we want to map to
                # `httpx.ReadTimeout`, not just `httpx.TimeoutException`.
                if mapped_exc is None or issubclass(to_exc, mapped_exc):
                    mapped_exc = to_exc
    
            if mapped_exc is None:  # pragma: no cover
                raise
    
            message = str(exc)
>           raise mapped_exc(message) from exc
E           httpx.ConnectError: [Errno 111] Connection refused

../df-py/lib/python3.13/site-packages/httpx/_transports/default.py:118: ConnectError
__________________________________________________________________________ ERROR at setup of test_cells_carry_data_available ___________________________________________________________________________

    @contextlib.contextmanager
    def map_httpcore_exceptions() -> typing.Iterator[None]:
        global HTTPCORE_EXC_MAP
        if len(HTTPCORE_EXC_MAP) == 0:
            HTTPCORE_EXC_MAP = _load_httpcore_exceptions()
        try:
>           yield

../df-py/lib/python3.13/site-packages/httpx/_transports/default.py:101: 
_ _ _ _ _ _ _ _ _ _ _ _ _ _ _ _ _ _ _ _ _ _ _ _ _ _ _ _ _ _ _ _ _ _ _ _ _ _ _ _ _ _ _ _ _ _ _ _ _ _ _ _ _ _ _ _ _ _ _ _ _ _ _ _ _ _ _ _ _ _ _ _ _ _ _ _ _ _ _ _ _ _ _ _ _ _ _ _ _ _ _ _ _ _ _ _ _ _ _ _ 
../df-py/lib/python3.13/site-packages/httpx/_transports/default.py:250: in handle_request
    resp = self._pool.handle_request(req)
           ^^^^^^^^^^^^^^^^^^^^^^^^^^^^^^
../df-py/lib/python3.13/site-packages/httpcore/_sync/connection_pool.py:256: in handle_request
    raise exc from None
../df-py/lib/python3.13/site-packages/httpcore/_sync/connection_pool.py:236: in handle_request
    response = connection.handle_request(
../df-py/lib/python3.13/site-packages/httpcore/_sync/connection.py:101: in handle_request
    raise exc
../df-py/lib/python3.13/site-packages/httpcore/_sync/connection.py:78: in handle_request
    stream = self._connect(request)
             ^^^^^^^^^^^^^^^^^^^^^^
../df-py/lib/python3.13/site-packages/httpcore/_sync/connection.py:124: in _connect
    stream = self._network_backend.connect_tcp(**kwargs)
             ^^^^^^^^^^^^^^^^^^^^^^^^^^^^^^^^^^^^^^^^^^^
../df-py/lib/python3.13/site-packages/httpcore/_backends/sync.py:207: in connect_tcp
    with map_exceptions(exc_map):
         ^^^^^^^^^^^^^^^^^^^^^^^
/usr/lib/python3.13/contextlib.py:162: in __exit__
    self.gen.throw(value)
_ _ _ _ _ _ _ _ _ _ _ _ _ _ _ _ _ _ _ _ _ _ _ _ _ _ _ _ _ _ _ _ _ _ _ _ _ _ _ _ _ _ _ _ _ _ _ _ _ _ _ _ _ _ _ _ _ _ _ _ _ _ _ _ _ _ _ _ _ _ _ _ _ _ _ _ _ _ _ _ _ _ _ _ _ _ _ _ _ _ _ _ _ _ _ _ _ _ _ _ 

map = {<class 'TimeoutError'>: <class 'httpcore.ConnectTimeout'>, <class 'OSError'>: <class 'httpcore.ConnectError'>}

    @contextlib.contextmanager
    def map_exceptions(map: ExceptionMapping) -> typing.Iterator[None]:
        try:
            yield
        except Exception as exc:  # noqa: PIE786
            for from_exc, to_exc in map.items():
                if isinstance(exc, from_exc):
>                   raise to_exc(exc) from exc
E                   httpcore.ConnectError: [Errno 111] Connection refused

../df-py/lib/python3.13/site-packages/httpcore/_exceptions.py:14: ConnectError

The above exception was the direct cause of the following exception:

reset = <function reset.<locals>._reset at 0x7ff8aa3420c0>

    @pytest.fixture
    def seeded(reset):
        fixture = fx.fixture()
>       reset(fixture)

tablekeeper/test/stage_2/test_ui.py:15: 
_ _ _ _ _ _ _ _ _ _ _ _ _ _ _ _ _ _ _ _ _ _ _ _ _ _ _ _ _ _ _ _ _ _ _ _ _ _ _ _ _ _ _ _ _ _ _ _ _ _ _ _ _ _ _ _ _ _ _ _ _ _ _ _ _ _ _ _ _ _ _ _ _ _ _ _ _ _ _ _ _ _ _ _ _ _ _ _ _ _ _ _ _ _ _ _ _ _ _ _ 
harness/plugin.py:106: in _reset
    resp = httpx.post(f"{base_url}/_test/reset", json=fixture, timeout=RESET_TIMEOUT)
           ^^^^^^^^^^^^^^^^^^^^^^^^^^^^^^^^^^^^^^^^^^^^^^^^^^^^^^^^^^^^^^^^^^^^^^^^^^
../df-py/lib/python3.13/site-packages/httpx/_api.py:304: in post
    return request(
../df-py/lib/python3.13/site-packages/httpx/_api.py:109: in request
    return client.request(
../df-py/lib/python3.13/site-packages/httpx/_client.py:825: in request
    return self.send(request, auth=auth, follow_redirects=follow_redirects)
           ^^^^^^^^^^^^^^^^^^^^^^^^^^^^^^^^^^^^^^^^^^^^^^^^^^^^^^^^^^^^^^^^
../df-py/lib/python3.13/site-packages/httpx/_client.py:914: in send
    response = self._send_handling_auth(
../df-py/lib/python3.13/site-packages/httpx/_client.py:942: in _send_handling_auth
    response = self._send_handling_redirects(
../df-py/lib/python3.13/site-packages/httpx/_client.py:979: in _send_handling_redirects
    response = self._send_single_request(request)
               ^^^^^^^^^^^^^^^^^^^^^^^^^^^^^^^^^^
../df-py/lib/python3.13/site-packages/httpx/_client.py:1014: in _send_single_request
    response = transport.handle_request(request)
               ^^^^^^^^^^^^^^^^^^^^^^^^^^^^^^^^^
../df-py/lib/python3.13/site-packages/httpx/_transports/default.py:249: in handle_request
    with map_httpcore_exceptions():
         ^^^^^^^^^^^^^^^^^^^^^^^^^
/usr/lib/python3.13/contextlib.py:162: in __exit__
    self.gen.throw(value)
_ _ _ _ _ _ _ _ _ _ _ _ _ _ _ _ _ _ _ _ _ _ _ _ _ _ _ _ _ _ _ _ _ _ _ _ _ _ _ _ _ _ _ _ _ _ _ _ _ _ _ _ _ _ _ _ _ _ _ _ _ _ _ _ _ _ _ _ _ _ _ _ _ _ _ _ _ _ _ _ _ _ _ _ _ _ _ _ _ _ _ _ _ _ _ _ _ _ _ _ 

    @contextlib.contextmanager
    def map_httpcore_exceptions() -> typing.Iterator[None]:
        global HTTPCORE_EXC_MAP
        if len(HTTPCORE_EXC_MAP) == 0:
            HTTPCORE_EXC_MAP = _load_httpcore_exceptions()
        try:
            yield
        except Exception as exc:
            mapped_exc = None
    
            for from_exc, to_exc in HTTPCORE_EXC_MAP.items():
                if not isinstance(exc, from_exc):
                    continue
                # We want to map to the most specific exception we can find.
                # Eg if `exc` is an `httpcore.ReadTimeout`, we want to map to
                # `httpx.ReadTimeout`, not just `httpx.TimeoutException`.
                if mapped_exc is None or issubclass(to_exc, mapped_exc):
                    mapped_exc = to_exc
    
            if mapped_exc is None:  # pragma: no cover
                raise
    
            message = str(exc)
>           raise mapped_exc(message) from exc
E           httpx.ConnectError: [Errno 111] Connection refused

../df-py/lib/python3.13/site-packages/httpx/_transports/default.py:118: ConnectError
___________________________________________________________________ ERROR at setup of test_clicking_an_unavailable_cell_does_nothing ___________________________________________________________________

    @contextlib.contextmanager
    def map_httpcore_exceptions() -> typing.Iterator[None]:
        global HTTPCORE_EXC_MAP
        if len(HTTPCORE_EXC_MAP) == 0:
            HTTPCORE_EXC_MAP = _load_httpcore_exceptions()
        try:
>           yield

../df-py/lib/python3.13/site-packages/httpx/_transports/default.py:101: 
_ _ _ _ _ _ _ _ _ _ _ _ _ _ _ _ _ _ _ _ _ _ _ _ _ _ _ _ _ _ _ _ _ _ _ _ _ _ _ _ _ _ _ _ _ _ _ _ _ _ _ _ _ _ _ _ _ _ _ _ _ _ _ _ _ _ _ _ _ _ _ _ _ _ _ _ _ _ _ _ _ _ _ _ _ _ _ _ _ _ _ _ _ _ _ _ _ _ _ _ 
../df-py/lib/python3.13/site-packages/httpx/_transports/default.py:250: in handle_request
    resp = self._pool.handle_request(req)
           ^^^^^^^^^^^^^^^^^^^^^^^^^^^^^^
../df-py/lib/python3.13/site-packages/httpcore/_sync/connection_pool.py:256: in handle_request
    raise exc from None
../df-py/lib/python3.13/site-packages/httpcore/_sync/connection_pool.py:236: in handle_request
    response = connection.handle_request(
../df-py/lib/python3.13/site-packages/httpcore/_sync/connection.py:101: in handle_request
    raise exc
../df-py/lib/python3.13/site-packages/httpcore/_sync/connection.py:78: in handle_request
    stream = self._connect(request)
             ^^^^^^^^^^^^^^^^^^^^^^
../df-py/lib/python3.13/site-packages/httpcore/_sync/connection.py:124: in _connect
    stream = self._network_backend.connect_tcp(**kwargs)
             ^^^^^^^^^^^^^^^^^^^^^^^^^^^^^^^^^^^^^^^^^^^
../df-py/lib/python3.13/site-packages/httpcore/_backends/sync.py:207: in connect_tcp
    with map_exceptions(exc_map):
         ^^^^^^^^^^^^^^^^^^^^^^^
/usr/lib/python3.13/contextlib.py:162: in __exit__
    self.gen.throw(value)
_ _ _ _ _ _ _ _ _ _ _ _ _ _ _ _ _ _ _ _ _ _ _ _ _ _ _ _ _ _ _ _ _ _ _ _ _ _ _ _ _ _ _ _ _ _ _ _ _ _ _ _ _ _ _ _ _ _ _ _ _ _ _ _ _ _ _ _ _ _ _ _ _ _ _ _ _ _ _ _ _ _ _ _ _ _ _ _ _ _ _ _ _ _ _ _ _ _ _ _ 

map = {<class 'TimeoutError'>: <class 'httpcore.ConnectTimeout'>, <class 'OSError'>: <class 'httpcore.ConnectError'>}

    @contextlib.contextmanager
    def map_exceptions(map: ExceptionMapping) -> typing.Iterator[None]:
        try:
            yield
        except Exception as exc:  # noqa: PIE786
            for from_exc, to_exc in map.items():
                if isinstance(exc, from_exc):
>                   raise to_exc(exc) from exc
E                   httpcore.ConnectError: [Errno 111] Connection refused

../df-py/lib/python3.13/site-packages/httpcore/_exceptions.py:14: ConnectError

The above exception was the direct cause of the following exception:

reset = <function reset.<locals>._reset at 0x7ff8aa342700>

    @pytest.fixture
    def seeded(reset):
        fixture = fx.fixture()
>       reset(fixture)

tablekeeper/test/stage_2/test_ui.py:15: 
_ _ _ _ _ _ _ _ _ _ _ _ _ _ _ _ _ _ _ _ _ _ _ _ _ _ _ _ _ _ _ _ _ _ _ _ _ _ _ _ _ _ _ _ _ _ _ _ _ _ _ _ _ _ _ _ _ _ _ _ _ _ _ _ _ _ _ _ _ _ _ _ _ _ _ _ _ _ _ _ _ _ _ _ _ _ _ _ _ _ _ _ _ _ _ _ _ _ _ _ 
harness/plugin.py:106: in _reset
    resp = httpx.post(f"{base_url}/_test/reset", json=fixture, timeout=RESET_TIMEOUT)
           ^^^^^^^^^^^^^^^^^^^^^^^^^^^^^^^^^^^^^^^^^^^^^^^^^^^^^^^^^^^^^^^^^^^^^^^^^^
../df-py/lib/python3.13/site-packages/httpx/_api.py:304: in post
    return request(
../df-py/lib/python3.13/site-packages/httpx/_api.py:109: in request
    return client.request(
../df-py/lib/python3.13/site-packages/httpx/_client.py:825: in request
    return self.send(request, auth=auth, follow_redirects=follow_redirects)
           ^^^^^^^^^^^^^^^^^^^^^^^^^^^^^^^^^^^^^^^^^^^^^^^^^^^^^^^^^^^^^^^^
../df-py/lib/python3.13/site-packages/httpx/_client.py:914: in send
    response = self._send_handling_auth(
../df-py/lib/python3.13/site-packages/httpx/_client.py:942: in _send_handling_auth
    response = self._send_handling_redirects(
../df-py/lib/python3.13/site-packages/httpx/_client.py:979: in _send_handling_redirects
    response = self._send_single_request(request)
               ^^^^^^^^^^^^^^^^^^^^^^^^^^^^^^^^^^
../df-py/lib/python3.13/site-packages/httpx/_client.py:1014: in _send_single_request
    response = transport.handle_request(request)
               ^^^^^^^^^^^^^^^^^^^^^^^^^^^^^^^^^
../df-py/lib/python3.13/site-packages/httpx/_transports/default.py:249: in handle_request
    with map_httpcore_exceptions():
         ^^^^^^^^^^^^^^^^^^^^^^^^^
/usr/lib/python3.13/contextlib.py:162: in __exit__
    self.gen.throw(value)
_ _ _ _ _ _ _ _ _ _ _ _ _ _ _ _ _ _ _ _ _ _ _ _ _ _ _ _ _ _ _ _ _ _ _ _ _ _ _ _ _ _ _ _ _ _ _ _ _ _ _ _ _ _ _ _ _ _ _ _ _ _ _ _ _ _ _ _ _ _ _ _ _ _ _ _ _ _ _ _ _ _ _ _ _ _ _ _ _ _ _ _ _ _ _ _ _ _ _ _ 

    @contextlib.contextmanager
    def map_httpcore_exceptions() -> typing.Iterator[None]:
        global HTTPCORE_EXC_MAP
        if len(HTTPCORE_EXC_MAP) == 0:
            HTTPCORE_EXC_MAP = _load_httpcore_exceptions()
        try:
            yield
        except Exception as exc:
            mapped_exc = None
    
            for from_exc, to_exc in HTTPCORE_EXC_MAP.items():
                if not isinstance(exc, from_exc):
                    continue
                # We want to map to the most specific exception we can find.
                # Eg if `exc` is an `httpcore.ReadTimeout`, we want to map to
                # `httpx.ReadTimeout`, not just `httpx.TimeoutException`.
                if mapped_exc is None or issubclass(to_exc, mapped_exc):
                    mapped_exc = to_exc
    
            if mapped_exc is None:  # pragma: no cover
                raise
    
            message = str(exc)
>           raise mapped_exc(message) from exc
E           httpx.ConnectError: [Errno 111] Connection refused

../df-py/lib/python3.13/site-packages/httpx/_transports/default.py:118: ConnectError
__________________________________________________________ ERROR at setup of test_booking_while_signed_out_shows_auth_error_or_goes_to_login ___________________________________________________________

    @contextlib.contextmanager
    def map_httpcore_exceptions() -> typing.Iterator[None]:
        global HTTPCORE_EXC_MAP
        if len(HTTPCORE_EXC_MAP) == 0:
            HTTPCORE_EXC_MAP = _load_httpcore_exceptions()
        try:
>           yield

../df-py/lib/python3.13/site-packages/httpx/_transports/default.py:101: 
_ _ _ _ _ _ _ _ _ _ _ _ _ _ _ _ _ _ _ _ _ _ _ _ _ _ _ _ _ _ _ _ _ _ _ _ _ _ _ _ _ _ _ _ _ _ _ _ _ _ _ _ _ _ _ _ _ _ _ _ _ _ _ _ _ _ _ _ _ _ _ _ _ _ _ _ _ _ _ _ _ _ _ _ _ _ _ _ _ _ _ _ _ _ _ _ _ _ _ _ 
../df-py/lib/python3.13/site-packages/httpx/_transports/default.py:250: in handle_request
    resp = self._pool.handle_request(req)
           ^^^^^^^^^^^^^^^^^^^^^^^^^^^^^^
../df-py/lib/python3.13/site-packages/httpcore/_sync/connection_pool.py:256: in handle_request
    raise exc from None
../df-py/lib/python3.13/site-packages/httpcore/_sync/connection_pool.py:236: in handle_request
    response = connection.handle_request(
../df-py/lib/python3.13/site-packages/httpcore/_sync/connection.py:101: in handle_request
    raise exc
../df-py/lib/python3.13/site-packages/httpcore/_sync/connection.py:78: in handle_request
    stream = self._connect(request)
             ^^^^^^^^^^^^^^^^^^^^^^
../df-py/lib/python3.13/site-packages/httpcore/_sync/connection.py:124: in _connect
    stream = self._network_backend.connect_tcp(**kwargs)
             ^^^^^^^^^^^^^^^^^^^^^^^^^^^^^^^^^^^^^^^^^^^
../df-py/lib/python3.13/site-packages/httpcore/_backends/sync.py:207: in connect_tcp
    with map_exceptions(exc_map):
         ^^^^^^^^^^^^^^^^^^^^^^^
/usr/lib/python3.13/contextlib.py:162: in __exit__
    self.gen.throw(value)
_ _ _ _ _ _ _ _ _ _ _ _ _ _ _ _ _ _ _ _ _ _ _ _ _ _ _ _ _ _ _ _ _ _ _ _ _ _ _ _ _ _ _ _ _ _ _ _ _ _ _ _ _ _ _ _ _ _ _ _ _ _ _ _ _ _ _ _ _ _ _ _ _ _ _ _ _ _ _ _ _ _ _ _ _ _ _ _ _ _ _ _ _ _ _ _ _ _ _ _ 

map = {<class 'TimeoutError'>: <class 'httpcore.ConnectTimeout'>, <class 'OSError'>: <class 'httpcore.ConnectError'>}

    @contextlib.contextmanager
    def map_exceptions(map: ExceptionMapping) -> typing.Iterator[None]:
        try:
            yield
        except Exception as exc:  # noqa: PIE786
            for from_exc, to_exc in map.items():
                if isinstance(exc, from_exc):
>                   raise to_exc(exc) from exc
E                   httpcore.ConnectError: [Errno 111] Connection refused

../df-py/lib/python3.13/site-packages/httpcore/_exceptions.py:14: ConnectError

The above exception was the direct cause of the following exception:

reset = <function reset.<locals>._reset at 0x7ff8aa3407c0>

    @pytest.fixture
    def seeded(reset):
        fixture = fx.fixture()
>       reset(fixture)

tablekeeper/test/stage_2/test_ui.py:15: 
_ _ _ _ _ _ _ _ _ _ _ _ _ _ _ _ _ _ _ _ _ _ _ _ _ _ _ _ _ _ _ _ _ _ _ _ _ _ _ _ _ _ _ _ _ _ _ _ _ _ _ _ _ _ _ _ _ _ _ _ _ _ _ _ _ _ _ _ _ _ _ _ _ _ _ _ _ _ _ _ _ _ _ _ _ _ _ _ _ _ _ _ _ _ _ _ _ _ _ _ 
harness/plugin.py:106: in _reset
    resp = httpx.post(f"{base_url}/_test/reset", json=fixture, timeout=RESET_TIMEOUT)
           ^^^^^^^^^^^^^^^^^^^^^^^^^^^^^^^^^^^^^^^^^^^^^^^^^^^^^^^^^^^^^^^^^^^^^^^^^^
../df-py/lib/python3.13/site-packages/httpx/_api.py:304: in post
    return request(
../df-py/lib/python3.13/site-packages/httpx/_api.py:109: in request
    return client.request(
../df-py/lib/python3.13/site-packages/httpx/_client.py:825: in request
    return self.send(request, auth=auth, follow_redirects=follow_redirects)
           ^^^^^^^^^^^^^^^^^^^^^^^^^^^^^^^^^^^^^^^^^^^^^^^^^^^^^^^^^^^^^^^^
../df-py/lib/python3.13/site-packages/httpx/_client.py:914: in send
    response = self._send_handling_auth(
../df-py/lib/python3.13/site-packages/httpx/_client.py:942: in _send_handling_auth
    response = self._send_handling_redirects(
../df-py/lib/python3.13/site-packages/httpx/_client.py:979: in _send_handling_redirects
    response = self._send_single_request(request)
               ^^^^^^^^^^^^^^^^^^^^^^^^^^^^^^^^^^
../df-py/lib/python3.13/site-packages/httpx/_client.py:1014: in _send_single_request
    response = transport.handle_request(request)
               ^^^^^^^^^^^^^^^^^^^^^^^^^^^^^^^^^
../df-py/lib/python3.13/site-packages/httpx/_transports/default.py:249: in handle_request
    with map_httpcore_exceptions():
         ^^^^^^^^^^^^^^^^^^^^^^^^^
/usr/lib/python3.13/contextlib.py:162: in __exit__
    self.gen.throw(value)
_ _ _ _ _ _ _ _ _ _ _ _ _ _ _ _ _ _ _ _ _ _ _ _ _ _ _ _ _ _ _ _ _ _ _ _ _ _ _ _ _ _ _ _ _ _ _ _ _ _ _ _ _ _ _ _ _ _ _ _ _ _ _ _ _ _ _ _ _ _ _ _ _ _ _ _ _ _ _ _ _ _ _ _ _ _ _ _ _ _ _ _ _ _ _ _ _ _ _ _ 

    @contextlib.contextmanager
    def map_httpcore_exceptions() -> typing.Iterator[None]:
        global HTTPCORE_EXC_MAP
        if len(HTTPCORE_EXC_MAP) == 0:
            HTTPCORE_EXC_MAP = _load_httpcore_exceptions()
        try:
            yield
        except Exception as exc:
            mapped_exc = None
    
            for from_exc, to_exc in HTTPCORE_EXC_MAP.items():
                if not isinstance(exc, from_exc):
                    continue
                # We want to map to the most specific exception we can find.
                # Eg if `exc` is an `httpcore.ReadTimeout`, we want to map to
                # `httpx.ReadTimeout`, not just `httpx.TimeoutException`.
                if mapped_exc is None or issubclass(to_exc, mapped_exc):
                    mapped_exc = to_exc
    
            if mapped_exc is None:  # pragma: no cover
                raise
    
            message = str(exc)
>           raise mapped_exc(message) from exc
E           httpx.ConnectError: [Errno 111] Connection refused

../df-py/lib/python3.13/site-packages/httpx/_transports/default.py:118: ConnectError
________________________________________________________________ ERROR at setup of test_a_booked_slot_is_unavailable_on_the_next_search ________________________________________________________________

    @contextlib.contextmanager
    def map_httpcore_exceptions() -> typing.Iterator[None]:
        global HTTPCORE_EXC_MAP
        if len(HTTPCORE_EXC_MAP) == 0:
            HTTPCORE_EXC_MAP = _load_httpcore_exceptions()
        try:
>           yield

../df-py/lib/python3.13/site-packages/httpx/_transports/default.py:101: 
_ _ _ _ _ _ _ _ _ _ _ _ _ _ _ _ _ _ _ _ _ _ _ _ _ _ _ _ _ _ _ _ _ _ _ _ _ _ _ _ _ _ _ _ _ _ _ _ _ _ _ _ _ _ _ _ _ _ _ _ _ _ _ _ _ _ _ _ _ _ _ _ _ _ _ _ _ _ _ _ _ _ _ _ _ _ _ _ _ _ _ _ _ _ _ _ _ _ _ _ 
../df-py/lib/python3.13/site-packages/httpx/_transports/default.py:250: in handle_request
    resp = self._pool.handle_request(req)
           ^^^^^^^^^^^^^^^^^^^^^^^^^^^^^^
../df-py/lib/python3.13/site-packages/httpcore/_sync/connection_pool.py:256: in handle_request
    raise exc from None
../df-py/lib/python3.13/site-packages/httpcore/_sync/connection_pool.py:236: in handle_request
    response = connection.handle_request(
../df-py/lib/python3.13/site-packages/httpcore/_sync/connection.py:101: in handle_request
    raise exc
../df-py/lib/python3.13/site-packages/httpcore/_sync/connection.py:78: in handle_request
    stream = self._connect(request)
             ^^^^^^^^^^^^^^^^^^^^^^
../df-py/lib/python3.13/site-packages/httpcore/_sync/connection.py:124: in _connect
    stream = self._network_backend.connect_tcp(**kwargs)
             ^^^^^^^^^^^^^^^^^^^^^^^^^^^^^^^^^^^^^^^^^^^
../df-py/lib/python3.13/site-packages/httpcore/_backends/sync.py:207: in connect_tcp
    with map_exceptions(exc_map):
         ^^^^^^^^^^^^^^^^^^^^^^^
/usr/lib/python3.13/contextlib.py:162: in __exit__
    self.gen.throw(value)
_ _ _ _ _ _ _ _ _ _ _ _ _ _ _ _ _ _ _ _ _ _ _ _ _ _ _ _ _ _ _ _ _ _ _ _ _ _ _ _ _ _ _ _ _ _ _ _ _ _ _ _ _ _ _ _ _ _ _ _ _ _ _ _ _ _ _ _ _ _ _ _ _ _ _ _ _ _ _ _ _ _ _ _ _ _ _ _ _ _ _ _ _ _ _ _ _ _ _ _ 

map = {<class 'TimeoutError'>: <class 'httpcore.ConnectTimeout'>, <class 'OSError'>: <class 'httpcore.ConnectError'>}

    @contextlib.contextmanager
    def map_exceptions(map: ExceptionMapping) -> typing.Iterator[None]:
        try:
            yield
        except Exception as exc:  # noqa: PIE786
            for from_exc, to_exc in map.items():
                if isinstance(exc, from_exc):
>                   raise to_exc(exc) from exc
E                   httpcore.ConnectError: [Errno 111] Connection refused

../df-py/lib/python3.13/site-packages/httpcore/_exceptions.py:14: ConnectError

The above exception was the direct cause of the following exception:

reset = <function reset.<locals>._reset at 0x7ff8aa340540>

    @pytest.fixture
    def seeded(reset):
        fixture = fx.fixture()
>       reset(fixture)

tablekeeper/test/stage_2/test_ui.py:15: 
_ _ _ _ _ _ _ _ _ _ _ _ _ _ _ _ _ _ _ _ _ _ _ _ _ _ _ _ _ _ _ _ _ _ _ _ _ _ _ _ _ _ _ _ _ _ _ _ _ _ _ _ _ _ _ _ _ _ _ _ _ _ _ _ _ _ _ _ _ _ _ _ _ _ _ _ _ _ _ _ _ _ _ _ _ _ _ _ _ _ _ _ _ _ _ _ _ _ _ _ 
harness/plugin.py:106: in _reset
    resp = httpx.post(f"{base_url}/_test/reset", json=fixture, timeout=RESET_TIMEOUT)
           ^^^^^^^^^^^^^^^^^^^^^^^^^^^^^^^^^^^^^^^^^^^^^^^^^^^^^^^^^^^^^^^^^^^^^^^^^^
../df-py/lib/python3.13/site-packages/httpx/_api.py:304: in post
    return request(
../df-py/lib/python3.13/site-packages/httpx/_api.py:109: in request
    return client.request(
../df-py/lib/python3.13/site-packages/httpx/_client.py:825: in request
    return self.send(request, auth=auth, follow_redirects=follow_redirects)
           ^^^^^^^^^^^^^^^^^^^^^^^^^^^^^^^^^^^^^^^^^^^^^^^^^^^^^^^^^^^^^^^^
../df-py/lib/python3.13/site-packages/httpx/_client.py:914: in send
    response = self._send_handling_auth(
../df-py/lib/python3.13/site-packages/httpx/_client.py:942: in _send_handling_auth
    response = self._send_handling_redirects(
../df-py/lib/python3.13/site-packages/httpx/_client.py:979: in _send_handling_redirects
    response = self._send_single_request(request)
               ^^^^^^^^^^^^^^^^^^^^^^^^^^^^^^^^^^
../df-py/lib/python3.13/site-packages/httpx/_client.py:1014: in _send_single_request
    response = transport.handle_request(request)
               ^^^^^^^^^^^^^^^^^^^^^^^^^^^^^^^^^
../df-py/lib/python3.13/site-packages/httpx/_transports/default.py:249: in handle_request
    with map_httpcore_exceptions():
         ^^^^^^^^^^^^^^^^^^^^^^^^^
/usr/lib/python3.13/contextlib.py:162: in __exit__
    self.gen.throw(value)
_ _ _ _ _ _ _ _ _ _ _ _ _ _ _ _ _ _ _ _ _ _ _ _ _ _ _ _ _ _ _ _ _ _ _ _ _ _ _ _ _ _ _ _ _ _ _ _ _ _ _ _ _ _ _ _ _ _ _ _ _ _ _ _ _ _ _ _ _ _ _ _ _ _ _ _ _ _ _ _ _ _ _ _ _ _ _ _ _ _ _ _ _ _ _ _ _ _ _ _ 

    @contextlib.contextmanager
    def map_httpcore_exceptions() -> typing.Iterator[None]:
        global HTTPCORE_EXC_MAP
        if len(HTTPCORE_EXC_MAP) == 0:
            HTTPCORE_EXC_MAP = _load_httpcore_exceptions()
        try:
            yield
        except Exception as exc:
            mapped_exc = None
    
            for from_exc, to_exc in HTTPCORE_EXC_MAP.items():
                if not isinstance(exc, from_exc):
                    continue
                # We want to map to the most specific exception we can find.
                # Eg if `exc` is an `httpcore.ReadTimeout`, we want to map to
                # `httpx.ReadTimeout`, not just `httpx.TimeoutException`.
                if mapped_exc is None or issubclass(to_exc, mapped_exc):
                    mapped_exc = to_exc
    
            if mapped_exc is None:  # pragma: no cover
                raise
    
            message = str(exc)
>           raise mapped_exc(message) from exc
E           httpx.ConnectError: [Errno 111] Connection refused

../df-py/lib/python3.13/site-packages/httpx/_transports/default.py:118: ConnectError
_________________________________________________________________ ERROR at setup of test_booking_error_is_shown_when_the_booking_fails _________________________________________________________________

    @contextlib.contextmanager
    def map_httpcore_exceptions() -> typing.Iterator[None]:
        global HTTPCORE_EXC_MAP
        if len(HTTPCORE_EXC_MAP) == 0:
            HTTPCORE_EXC_MAP = _load_httpcore_exceptions()
        try:
>           yield

../df-py/lib/python3.13/site-packages/httpx/_transports/default.py:101: 
_ _ _ _ _ _ _ _ _ _ _ _ _ _ _ _ _ _ _ _ _ _ _ _ _ _ _ _ _ _ _ _ _ _ _ _ _ _ _ _ _ _ _ _ _ _ _ _ _ _ _ _ _ _ _ _ _ _ _ _ _ _ _ _ _ _ _ _ _ _ _ _ _ _ _ _ _ _ _ _ _ _ _ _ _ _ _ _ _ _ _ _ _ _ _ _ _ _ _ _ 
../df-py/lib/python3.13/site-packages/httpx/_transports/default.py:250: in handle_request
    resp = self._pool.handle_request(req)
           ^^^^^^^^^^^^^^^^^^^^^^^^^^^^^^
../df-py/lib/python3.13/site-packages/httpcore/_sync/connection_pool.py:256: in handle_request
    raise exc from None
../df-py/lib/python3.13/site-packages/httpcore/_sync/connection_pool.py:236: in handle_request
    response = connection.handle_request(
../df-py/lib/python3.13/site-packages/httpcore/_sync/connection.py:101: in handle_request
    raise exc
../df-py/lib/python3.13/site-packages/httpcore/_sync/connection.py:78: in handle_request
    stream = self._connect(request)
             ^^^^^^^^^^^^^^^^^^^^^^
../df-py/lib/python3.13/site-packages/httpcore/_sync/connection.py:124: in _connect
    stream = self._network_backend.connect_tcp(**kwargs)
             ^^^^^^^^^^^^^^^^^^^^^^^^^^^^^^^^^^^^^^^^^^^
../df-py/lib/python3.13/site-packages/httpcore/_backends/sync.py:207: in connect_tcp
    with map_exceptions(exc_map):
         ^^^^^^^^^^^^^^^^^^^^^^^
/usr/lib/python3.13/contextlib.py:162: in __exit__
    self.gen.throw(value)
_ _ _ _ _ _ _ _ _ _ _ _ _ _ _ _ _ _ _ _ _ _ _ _ _ _ _ _ _ _ _ _ _ _ _ _ _ _ _ _ _ _ _ _ _ _ _ _ _ _ _ _ _ _ _ _ _ _ _ _ _ _ _ _ _ _ _ _ _ _ _ _ _ _ _ _ _ _ _ _ _ _ _ _ _ _ _ _ _ _ _ _ _ _ _ _ _ _ _ _ 

map = {<class 'TimeoutError'>: <class 'httpcore.ConnectTimeout'>, <class 'OSError'>: <class 'httpcore.ConnectError'>}

    @contextlib.contextmanager
    def map_exceptions(map: ExceptionMapping) -> typing.Iterator[None]:
        try:
            yield
        except Exception as exc:  # noqa: PIE786
            for from_exc, to_exc in map.items():
                if isinstance(exc, from_exc):
>                   raise to_exc(exc) from exc
E                   httpcore.ConnectError: [Errno 111] Connection refused

../df-py/lib/python3.13/site-packages/httpcore/_exceptions.py:14: ConnectError

The above exception was the direct cause of the following exception:

reset = <function reset.<locals>._reset at 0x7ff8aa97bd80>

    @pytest.fixture
    def seeded(reset):
        fixture = fx.fixture()
>       reset(fixture)

tablekeeper/test/stage_2/test_ui.py:15: 
_ _ _ _ _ _ _ _ _ _ _ _ _ _ _ _ _ _ _ _ _ _ _ _ _ _ _ _ _ _ _ _ _ _ _ _ _ _ _ _ _ _ _ _ _ _ _ _ _ _ _ _ _ _ _ _ _ _ _ _ _ _ _ _ _ _ _ _ _ _ _ _ _ _ _ _ _ _ _ _ _ _ _ _ _ _ _ _ _ _ _ _ _ _ _ _ _ _ _ _ 
harness/plugin.py:106: in _reset
    resp = httpx.post(f"{base_url}/_test/reset", json=fixture, timeout=RESET_TIMEOUT)
           ^^^^^^^^^^^^^^^^^^^^^^^^^^^^^^^^^^^^^^^^^^^^^^^^^^^^^^^^^^^^^^^^^^^^^^^^^^
../df-py/lib/python3.13/site-packages/httpx/_api.py:304: in post
    return request(
../df-py/lib/python3.13/site-packages/httpx/_api.py:109: in request
    return client.request(
../df-py/lib/python3.13/site-packages/httpx/_client.py:825: in request
    return self.send(request, auth=auth, follow_redirects=follow_redirects)
           ^^^^^^^^^^^^^^^^^^^^^^^^^^^^^^^^^^^^^^^^^^^^^^^^^^^^^^^^^^^^^^^^
../df-py/lib/python3.13/site-packages/httpx/_client.py:914: in send
    response = self._send_handling_auth(
../df-py/lib/python3.13/site-packages/httpx/_client.py:942: in _send_handling_auth
    response = self._send_handling_redirects(
../df-py/lib/python3.13/site-packages/httpx/_client.py:979: in _send_handling_redirects
    response = self._send_single_request(request)
               ^^^^^^^^^^^^^^^^^^^^^^^^^^^^^^^^^^
../df-py/lib/python3.13/site-packages/httpx/_client.py:1014: in _send_single_request
    response = transport.handle_request(request)
               ^^^^^^^^^^^^^^^^^^^^^^^^^^^^^^^^^
../df-py/lib/python3.13/site-packages/httpx/_transports/default.py:249: in handle_request
    with map_httpcore_exceptions():
         ^^^^^^^^^^^^^^^^^^^^^^^^^
/usr/lib/python3.13/contextlib.py:162: in __exit__
    self.gen.throw(value)
_ _ _ _ _ _ _ _ _ _ _ _ _ _ _ _ _ _ _ _ _ _ _ _ _ _ _ _ _ _ _ _ _ _ _ _ _ _ _ _ _ _ _ _ _ _ _ _ _ _ _ _ _ _ _ _ _ _ _ _ _ _ _ _ _ _ _ _ _ _ _ _ _ _ _ _ _ _ _ _ _ _ _ _ _ _ _ _ _ _ _ _ _ _ _ _ _ _ _ _ 

    @contextlib.contextmanager
    def map_httpcore_exceptions() -> typing.Iterator[None]:
        global HTTPCORE_EXC_MAP
        if len(HTTPCORE_EXC_MAP) == 0:
            HTTPCORE_EXC_MAP = _load_httpcore_exceptions()
        try:
            yield
        except Exception as exc:
            mapped_exc = None
    
            for from_exc, to_exc in HTTPCORE_EXC_MAP.items():
                if not isinstance(exc, from_exc):
                    continue
                # We want to map to the most specific exception we can find.
                # Eg if `exc` is an `httpcore.ReadTimeout`, we want to map to
                # `httpx.ReadTimeout`, not just `httpx.TimeoutException`.
                if mapped_exc is None or issubclass(to_exc, mapped_exc):
                    mapped_exc = to_exc
    
            if mapped_exc is None:  # pragma: no cover
                raise
    
            message = str(exc)
>           raise mapped_exc(message) from exc
E           httpx.ConnectError: [Errno 111] Connection refused

../df-py/lib/python3.13/site-packages/httpx/_transports/default.py:118: ConnectError
_________________________________________________________________________ ERROR at setup of test_lookup_shows_the_reservation __________________________________________________________________________

    @contextlib.contextmanager
    def map_httpcore_exceptions() -> typing.Iterator[None]:
        global HTTPCORE_EXC_MAP
        if len(HTTPCORE_EXC_MAP) == 0:
            HTTPCORE_EXC_MAP = _load_httpcore_exceptions()
        try:
>           yield

../df-py/lib/python3.13/site-packages/httpx/_transports/default.py:101: 
_ _ _ _ _ _ _ _ _ _ _ _ _ _ _ _ _ _ _ _ _ _ _ _ _ _ _ _ _ _ _ _ _ _ _ _ _ _ _ _ _ _ _ _ _ _ _ _ _ _ _ _ _ _ _ _ _ _ _ _ _ _ _ _ _ _ _ _ _ _ _ _ _ _ _ _ _ _ _ _ _ _ _ _ _ _ _ _ _ _ _ _ _ _ _ _ _ _ _ _ 
../df-py/lib/python3.13/site-packages/httpx/_transports/default.py:250: in handle_request
    resp = self._pool.handle_request(req)
           ^^^^^^^^^^^^^^^^^^^^^^^^^^^^^^
../df-py/lib/python3.13/site-packages/httpcore/_sync/connection_pool.py:256: in handle_request
    raise exc from None
../df-py/lib/python3.13/site-packages/httpcore/_sync/connection_pool.py:236: in handle_request
    response = connection.handle_request(
../df-py/lib/python3.13/site-packages/httpcore/_sync/connection.py:101: in handle_request
    raise exc
../df-py/lib/python3.13/site-packages/httpcore/_sync/connection.py:78: in handle_request
    stream = self._connect(request)
             ^^^^^^^^^^^^^^^^^^^^^^
../df-py/lib/python3.13/site-packages/httpcore/_sync/connection.py:124: in _connect
    stream = self._network_backend.connect_tcp(**kwargs)
             ^^^^^^^^^^^^^^^^^^^^^^^^^^^^^^^^^^^^^^^^^^^
../df-py/lib/python3.13/site-packages/httpcore/_backends/sync.py:207: in connect_tcp
    with map_exceptions(exc_map):
         ^^^^^^^^^^^^^^^^^^^^^^^
/usr/lib/python3.13/contextlib.py:162: in __exit__
    self.gen.throw(value)
_ _ _ _ _ _ _ _ _ _ _ _ _ _ _ _ _ _ _ _ _ _ _ _ _ _ _ _ _ _ _ _ _ _ _ _ _ _ _ _ _ _ _ _ _ _ _ _ _ _ _ _ _ _ _ _ _ _ _ _ _ _ _ _ _ _ _ _ _ _ _ _ _ _ _ _ _ _ _ _ _ _ _ _ _ _ _ _ _ _ _ _ _ _ _ _ _ _ _ _ 

map = {<class 'TimeoutError'>: <class 'httpcore.ConnectTimeout'>, <class 'OSError'>: <class 'httpcore.ConnectError'>}

    @contextlib.contextmanager
    def map_exceptions(map: ExceptionMapping) -> typing.Iterator[None]:
        try:
            yield
        except Exception as exc:  # noqa: PIE786
            for from_exc, to_exc in map.items():
                if isinstance(exc, from_exc):
>                   raise to_exc(exc) from exc
E                   httpcore.ConnectError: [Errno 111] Connection refused

../df-py/lib/python3.13/site-packages/httpcore/_exceptions.py:14: ConnectError

The above exception was the direct cause of the following exception:

reset = <function reset.<locals>._reset at 0x7ff8aac68720>

    @pytest.fixture
    def seeded(reset):
        fixture = fx.fixture()
>       reset(fixture)

tablekeeper/test/stage_2/test_ui.py:15: 
_ _ _ _ _ _ _ _ _ _ _ _ _ _ _ _ _ _ _ _ _ _ _ _ _ _ _ _ _ _ _ _ _ _ _ _ _ _ _ _ _ _ _ _ _ _ _ _ _ _ _ _ _ _ _ _ _ _ _ _ _ _ _ _ _ _ _ _ _ _ _ _ _ _ _ _ _ _ _ _ _ _ _ _ _ _ _ _ _ _ _ _ _ _ _ _ _ _ _ _ 
harness/plugin.py:106: in _reset
    resp = httpx.post(f"{base_url}/_test/reset", json=fixture, timeout=RESET_TIMEOUT)
           ^^^^^^^^^^^^^^^^^^^^^^^^^^^^^^^^^^^^^^^^^^^^^^^^^^^^^^^^^^^^^^^^^^^^^^^^^^
../df-py/lib/python3.13/site-packages/httpx/_api.py:304: in post
    return request(
../df-py/lib/python3.13/site-packages/httpx/_api.py:109: in request
    return client.request(
../df-py/lib/python3.13/site-packages/httpx/_client.py:825: in request
    return self.send(request, auth=auth, follow_redirects=follow_redirects)
           ^^^^^^^^^^^^^^^^^^^^^^^^^^^^^^^^^^^^^^^^^^^^^^^^^^^^^^^^^^^^^^^^
../df-py/lib/python3.13/site-packages/httpx/_client.py:914: in send
    response = self._send_handling_auth(
../df-py/lib/python3.13/site-packages/httpx/_client.py:942: in _send_handling_auth
    response = self._send_handling_redirects(
../df-py/lib/python3.13/site-packages/httpx/_client.py:979: in _send_handling_redirects
    response = self._send_single_request(request)
               ^^^^^^^^^^^^^^^^^^^^^^^^^^^^^^^^^^
../df-py/lib/python3.13/site-packages/httpx/_client.py:1014: in _send_single_request
    response = transport.handle_request(request)
               ^^^^^^^^^^^^^^^^^^^^^^^^^^^^^^^^^
../df-py/lib/python3.13/site-packages/httpx/_transports/default.py:249: in handle_request
    with map_httpcore_exceptions():
         ^^^^^^^^^^^^^^^^^^^^^^^^^
/usr/lib/python3.13/contextlib.py:162: in __exit__
    self.gen.throw(value)
_ _ _ _ _ _ _ _ _ _ _ _ _ _ _ _ _ _ _ _ _ _ _ _ _ _ _ _ _ _ _ _ _ _ _ _ _ _ _ _ _ _ _ _ _ _ _ _ _ _ _ _ _ _ _ _ _ _ _ _ _ _ _ _ _ _ _ _ _ _ _ _ _ _ _ _ _ _ _ _ _ _ _ _ _ _ _ _ _ _ _ _ _ _ _ _ _ _ _ _ 

    @contextlib.contextmanager
    def map_httpcore_exceptions() -> typing.Iterator[None]:
        global HTTPCORE_EXC_MAP
        if len(HTTPCORE_EXC_MAP) == 0:
            HTTPCORE_EXC_MAP = _load_httpcore_exceptions()
        try:
            yield
        except Exception as exc:
            mapped_exc = None
    
            for from_exc, to_exc in HTTPCORE_EXC_MAP.items():
                if not isinstance(exc, from_exc):
                    continue
                # We want to map to the most specific exception we can find.
                # Eg if `exc` is an `httpcore.ReadTimeout`, we want to map to
                # `httpx.ReadTimeout`, not just `httpx.TimeoutException`.
                if mapped_exc is None or issubclass(to_exc, mapped_exc):
                    mapped_exc = to_exc
    
            if mapped_exc is None:  # pragma: no cover
                raise
    
            message = str(exc)
>           raise mapped_exc(message) from exc
E           httpx.ConnectError: [Errno 111] Connection refused

../df-py/lib/python3.13/site-packages/httpx/_transports/default.py:118: ConnectError
______________________________________________________________ ERROR at setup of test_cancel_from_lookup_updates_without_a_manual_reload _______________________________________________________________

    @contextlib.contextmanager
    def map_httpcore_exceptions() -> typing.Iterator[None]:
        global HTTPCORE_EXC_MAP
        if len(HTTPCORE_EXC_MAP) == 0:
            HTTPCORE_EXC_MAP = _load_httpcore_exceptions()
        try:
>           yield

../df-py/lib/python3.13/site-packages/httpx/_transports/default.py:101: 
_ _ _ _ _ _ _ _ _ _ _ _ _ _ _ _ _ _ _ _ _ _ _ _ _ _ _ _ _ _ _ _ _ _ _ _ _ _ _ _ _ _ _ _ _ _ _ _ _ _ _ _ _ _ _ _ _ _ _ _ _ _ _ _ _ _ _ _ _ _ _ _ _ _ _ _ _ _ _ _ _ _ _ _ _ _ _ _ _ _ _ _ _ _ _ _ _ _ _ _ 
../df-py/lib/python3.13/site-packages/httpx/_transports/default.py:250: in handle_request
    resp = self._pool.handle_request(req)
           ^^^^^^^^^^^^^^^^^^^^^^^^^^^^^^
../df-py/lib/python3.13/site-packages/httpcore/_sync/connection_pool.py:256: in handle_request
    raise exc from None
../df-py/lib/python3.13/site-packages/httpcore/_sync/connection_pool.py:236: in handle_request
    response = connection.handle_request(
../df-py/lib/python3.13/site-packages/httpcore/_sync/connection.py:101: in handle_request
    raise exc
../df-py/lib/python3.13/site-packages/httpcore/_sync/connection.py:78: in handle_request
    stream = self._connect(request)
             ^^^^^^^^^^^^^^^^^^^^^^
../df-py/lib/python3.13/site-packages/httpcore/_sync/connection.py:124: in _connect
    stream = self._network_backend.connect_tcp(**kwargs)
             ^^^^^^^^^^^^^^^^^^^^^^^^^^^^^^^^^^^^^^^^^^^
../df-py/lib/python3.13/site-packages/httpcore/_backends/sync.py:207: in connect_tcp
    with map_exceptions(exc_map):
         ^^^^^^^^^^^^^^^^^^^^^^^
/usr/lib/python3.13/contextlib.py:162: in __exit__
    self.gen.throw(value)
_ _ _ _ _ _ _ _ _ _ _ _ _ _ _ _ _ _ _ _ _ _ _ _ _ _ _ _ _ _ _ _ _ _ _ _ _ _ _ _ _ _ _ _ _ _ _ _ _ _ _ _ _ _ _ _ _ _ _ _ _ _ _ _ _ _ _ _ _ _ _ _ _ _ _ _ _ _ _ _ _ _ _ _ _ _ _ _ _ _ _ _ _ _ _ _ _ _ _ _ 

map = {<class 'TimeoutError'>: <class 'httpcore.ConnectTimeout'>, <class 'OSError'>: <class 'httpcore.ConnectError'>}

    @contextlib.contextmanager
    def map_exceptions(map: ExceptionMapping) -> typing.Iterator[None]:
        try:
            yield
        except Exception as exc:  # noqa: PIE786
            for from_exc, to_exc in map.items():
                if isinstance(exc, from_exc):
>                   raise to_exc(exc) from exc
E                   httpcore.ConnectError: [Errno 111] Connection refused

../df-py/lib/python3.13/site-packages/httpcore/_exceptions.py:14: ConnectError

The above exception was the direct cause of the following exception:

reset = <function reset.<locals>._reset at 0x7ff8aa4c6480>

    @pytest.fixture
    def seeded(reset):
        fixture = fx.fixture()
>       reset(fixture)

tablekeeper/test/stage_2/test_ui.py:15: 
_ _ _ _ _ _ _ _ _ _ _ _ _ _ _ _ _ _ _ _ _ _ _ _ _ _ _ _ _ _ _ _ _ _ _ _ _ _ _ _ _ _ _ _ _ _ _ _ _ _ _ _ _ _ _ _ _ _ _ _ _ _ _ _ _ _ _ _ _ _ _ _ _ _ _ _ _ _ _ _ _ _ _ _ _ _ _ _ _ _ _ _ _ _ _ _ _ _ _ _ 
harness/plugin.py:106: in _reset
    resp = httpx.post(f"{base_url}/_test/reset", json=fixture, timeout=RESET_TIMEOUT)
           ^^^^^^^^^^^^^^^^^^^^^^^^^^^^^^^^^^^^^^^^^^^^^^^^^^^^^^^^^^^^^^^^^^^^^^^^^^
../df-py/lib/python3.13/site-packages/httpx/_api.py:304: in post
    return request(
../df-py/lib/python3.13/site-packages/httpx/_api.py:109: in request
    return client.request(
../df-py/lib/python3.13/site-packages/httpx/_client.py:825: in request
    return self.send(request, auth=auth, follow_redirects=follow_redirects)
           ^^^^^^^^^^^^^^^^^^^^^^^^^^^^^^^^^^^^^^^^^^^^^^^^^^^^^^^^^^^^^^^^
../df-py/lib/python3.13/site-packages/httpx/_client.py:914: in send
    response = self._send_handling_auth(
../df-py/lib/python3.13/site-packages/httpx/_client.py:942: in _send_handling_auth
    response = self._send_handling_redirects(
../df-py/lib/python3.13/site-packages/httpx/_client.py:979: in _send_handling_redirects
    response = self._send_single_request(request)
               ^^^^^^^^^^^^^^^^^^^^^^^^^^^^^^^^^^
../df-py/lib/python3.13/site-packages/httpx/_client.py:1014: in _send_single_request
    response = transport.handle_request(request)
               ^^^^^^^^^^^^^^^^^^^^^^^^^^^^^^^^^
../df-py/lib/python3.13/site-packages/httpx/_transports/default.py:249: in handle_request
    with map_httpcore_exceptions():
         ^^^^^^^^^^^^^^^^^^^^^^^^^
/usr/lib/python3.13/contextlib.py:162: in __exit__
    self.gen.throw(value)
_ _ _ _ _ _ _ _ _ _ _ _ _ _ _ _ _ _ _ _ _ _ _ _ _ _ _ _ _ _ _ _ _ _ _ _ _ _ _ _ _ _ _ _ _ _ _ _ _ _ _ _ _ _ _ _ _ _ _ _ _ _ _ _ _ _ _ _ _ _ _ _ _ _ _ _ _ _ _ _ _ _ _ _ _ _ _ _ _ _ _ _ _ _ _ _ _ _ _ _ 

    @contextlib.contextmanager
    def map_httpcore_exceptions() -> typing.Iterator[None]:
        global HTTPCORE_EXC_MAP
        if len(HTTPCORE_EXC_MAP) == 0:
            HTTPCORE_EXC_MAP = _load_httpcore_exceptions()
        try:
            yield
        except Exception as exc:
            mapped_exc = None
    
            for from_exc, to_exc in HTTPCORE_EXC_MAP.items():
                if not isinstance(exc, from_exc):
                    continue
                # We want to map to the most specific exception we can find.
                # Eg if `exc` is an `httpcore.ReadTimeout`, we want to map to
                # `httpx.ReadTimeout`, not just `httpx.TimeoutException`.
                if mapped_exc is None or issubclass(to_exc, mapped_exc):
                    mapped_exc = to_exc
    
            if mapped_exc is None:  # pragma: no cover
                raise
    
            message = str(exc)
>           raise mapped_exc(message) from exc
E           httpx.ConnectError: [Errno 111] Connection refused

../df-py/lib/python3.13/site-packages/httpx/_transports/default.py:118: ConnectError
___________________________________________________________________________ ERROR at setup of test_cancelling_frees_the_slot ___________________________________________________________________________

    @contextlib.contextmanager
    def map_httpcore_exceptions() -> typing.Iterator[None]:
        global HTTPCORE_EXC_MAP
        if len(HTTPCORE_EXC_MAP) == 0:
            HTTPCORE_EXC_MAP = _load_httpcore_exceptions()
        try:
>           yield

../df-py/lib/python3.13/site-packages/httpx/_transports/default.py:101: 
_ _ _ _ _ _ _ _ _ _ _ _ _ _ _ _ _ _ _ _ _ _ _ _ _ _ _ _ _ _ _ _ _ _ _ _ _ _ _ _ _ _ _ _ _ _ _ _ _ _ _ _ _ _ _ _ _ _ _ _ _ _ _ _ _ _ _ _ _ _ _ _ _ _ _ _ _ _ _ _ _ _ _ _ _ _ _ _ _ _ _ _ _ _ _ _ _ _ _ _ 
../df-py/lib/python3.13/site-packages/httpx/_transports/default.py:250: in handle_request
    resp = self._pool.handle_request(req)
           ^^^^^^^^^^^^^^^^^^^^^^^^^^^^^^
../df-py/lib/python3.13/site-packages/httpcore/_sync/connection_pool.py:256: in handle_request
    raise exc from None
../df-py/lib/python3.13/site-packages/httpcore/_sync/connection_pool.py:236: in handle_request
    response = connection.handle_request(
../df-py/lib/python3.13/site-packages/httpcore/_sync/connection.py:101: in handle_request
    raise exc
../df-py/lib/python3.13/site-packages/httpcore/_sync/connection.py:78: in handle_request
    stream = self._connect(request)
             ^^^^^^^^^^^^^^^^^^^^^^
../df-py/lib/python3.13/site-packages/httpcore/_sync/connection.py:124: in _connect
    stream = self._network_backend.connect_tcp(**kwargs)
             ^^^^^^^^^^^^^^^^^^^^^^^^^^^^^^^^^^^^^^^^^^^
../df-py/lib/python3.13/site-packages/httpcore/_backends/sync.py:207: in connect_tcp
    with map_exceptions(exc_map):
         ^^^^^^^^^^^^^^^^^^^^^^^
/usr/lib/python3.13/contextlib.py:162: in __exit__
    self.gen.throw(value)
_ _ _ _ _ _ _ _ _ _ _ _ _ _ _ _ _ _ _ _ _ _ _ _ _ _ _ _ _ _ _ _ _ _ _ _ _ _ _ _ _ _ _ _ _ _ _ _ _ _ _ _ _ _ _ _ _ _ _ _ _ _ _ _ _ _ _ _ _ _ _ _ _ _ _ _ _ _ _ _ _ _ _ _ _ _ _ _ _ _ _ _ _ _ _ _ _ _ _ _ 

map = {<class 'TimeoutError'>: <class 'httpcore.ConnectTimeout'>, <class 'OSError'>: <class 'httpcore.ConnectError'>}

    @contextlib.contextmanager
    def map_exceptions(map: ExceptionMapping) -> typing.Iterator[None]:
        try:
            yield
        except Exception as exc:  # noqa: PIE786
            for from_exc, to_exc in map.items():
                if isinstance(exc, from_exc):
>                   raise to_exc(exc) from exc
E                   httpcore.ConnectError: [Errno 111] Connection refused

../df-py/lib/python3.13/site-packages/httpcore/_exceptions.py:14: ConnectError

The above exception was the direct cause of the following exception:

reset = <function reset.<locals>._reset at 0x7ff8aa97bce0>

    @pytest.fixture
    def seeded(reset):
        fixture = fx.fixture()
>       reset(fixture)

tablekeeper/test/stage_2/test_ui.py:15: 
_ _ _ _ _ _ _ _ _ _ _ _ _ _ _ _ _ _ _ _ _ _ _ _ _ _ _ _ _ _ _ _ _ _ _ _ _ _ _ _ _ _ _ _ _ _ _ _ _ _ _ _ _ _ _ _ _ _ _ _ _ _ _ _ _ _ _ _ _ _ _ _ _ _ _ _ _ _ _ _ _ _ _ _ _ _ _ _ _ _ _ _ _ _ _ _ _ _ _ _ 
harness/plugin.py:106: in _reset
    resp = httpx.post(f"{base_url}/_test/reset", json=fixture, timeout=RESET_TIMEOUT)
           ^^^^^^^^^^^^^^^^^^^^^^^^^^^^^^^^^^^^^^^^^^^^^^^^^^^^^^^^^^^^^^^^^^^^^^^^^^
../df-py/lib/python3.13/site-packages/httpx/_api.py:304: in post
    return request(
../df-py/lib/python3.13/site-packages/httpx/_api.py:109: in request
    return client.request(
../df-py/lib/python3.13/site-packages/httpx/_client.py:825: in request
    return self.send(request, auth=auth, follow_redirects=follow_redirects)
           ^^^^^^^^^^^^^^^^^^^^^^^^^^^^^^^^^^^^^^^^^^^^^^^^^^^^^^^^^^^^^^^^
../df-py/lib/python3.13/site-packages/httpx/_client.py:914: in send
    response = self._send_handling_auth(
../df-py/lib/python3.13/site-packages/httpx/_client.py:942: in _send_handling_auth
    response = self._send_handling_redirects(
../df-py/lib/python3.13/site-packages/httpx/_client.py:979: in _send_handling_redirects
    response = self._send_single_request(request)
               ^^^^^^^^^^^^^^^^^^^^^^^^^^^^^^^^^^
../df-py/lib/python3.13/site-packages/httpx/_client.py:1014: in _send_single_request
    response = transport.handle_request(request)
               ^^^^^^^^^^^^^^^^^^^^^^^^^^^^^^^^^
../df-py/lib/python3.13/site-packages/httpx/_transports/default.py:249: in handle_request
    with map_httpcore_exceptions():
         ^^^^^^^^^^^^^^^^^^^^^^^^^
/usr/lib/python3.13/contextlib.py:162: in __exit__
    self.gen.throw(value)
_ _ _ _ _ _ _ _ _ _ _ _ _ _ _ _ _ _ _ _ _ _ _ _ _ _ _ _ _ _ _ _ _ _ _ _ _ _ _ _ _ _ _ _ _ _ _ _ _ _ _ _ _ _ _ _ _ _ _ _ _ _ _ _ _ _ _ _ _ _ _ _ _ _ _ _ _ _ _ _ _ _ _ _ _ _ _ _ _ _ _ _ _ _ _ _ _ _ _ _ 

    @contextlib.contextmanager
    def map_httpcore_exceptions() -> typing.Iterator[None]:
        global HTTPCORE_EXC_MAP
        if len(HTTPCORE_EXC_MAP) == 0:
            HTTPCORE_EXC_MAP = _load_httpcore_exceptions()
        try:
            yield
        except Exception as exc:
            mapped_exc = None
    
            for from_exc, to_exc in HTTPCORE_EXC_MAP.items():
                if not isinstance(exc, from_exc):
                    continue
                # We want to map to the most specific exception we can find.
                # Eg if `exc` is an `httpcore.ReadTimeout`, we want to map to
                # `httpx.ReadTimeout`, not just `httpx.TimeoutException`.
                if mapped_exc is None or issubclass(to_exc, mapped_exc):
                    mapped_exc = to_exc
    
            if mapped_exc is None:  # pragma: no cover
                raise
    
            message = str(exc)
>           raise mapped_exc(message) from exc
E           httpx.ConnectError: [Errno 111] Connection refused

../df-py/lib/python3.13/site-packages/httpx/_transports/default.py:118: ConnectError
___________________________________________________________________ ERROR at setup of test_unknown_reference_shows_reservation_error ___________________________________________________________________

    @contextlib.contextmanager
    def map_httpcore_exceptions() -> typing.Iterator[None]:
        global HTTPCORE_EXC_MAP
        if len(HTTPCORE_EXC_MAP) == 0:
            HTTPCORE_EXC_MAP = _load_httpcore_exceptions()
        try:
>           yield

../df-py/lib/python3.13/site-packages/httpx/_transports/default.py:101: 
_ _ _ _ _ _ _ _ _ _ _ _ _ _ _ _ _ _ _ _ _ _ _ _ _ _ _ _ _ _ _ _ _ _ _ _ _ _ _ _ _ _ _ _ _ _ _ _ _ _ _ _ _ _ _ _ _ _ _ _ _ _ _ _ _ _ _ _ _ _ _ _ _ _ _ _ _ _ _ _ _ _ _ _ _ _ _ _ _ _ _ _ _ _ _ _ _ _ _ _ 
../df-py/lib/python3.13/site-packages/httpx/_transports/default.py:250: in handle_request
    resp = self._pool.handle_request(req)
           ^^^^^^^^^^^^^^^^^^^^^^^^^^^^^^
../df-py/lib/python3.13/site-packages/httpcore/_sync/connection_pool.py:256: in handle_request
    raise exc from None
../df-py/lib/python3.13/site-packages/httpcore/_sync/connection_pool.py:236: in handle_request
    response = connection.handle_request(
../df-py/lib/python3.13/site-packages/httpcore/_sync/connection.py:101: in handle_request
    raise exc
../df-py/lib/python3.13/site-packages/httpcore/_sync/connection.py:78: in handle_request
    stream = self._connect(request)
             ^^^^^^^^^^^^^^^^^^^^^^
../df-py/lib/python3.13/site-packages/httpcore/_sync/connection.py:124: in _connect
    stream = self._network_backend.connect_tcp(**kwargs)
             ^^^^^^^^^^^^^^^^^^^^^^^^^^^^^^^^^^^^^^^^^^^
../df-py/lib/python3.13/site-packages/httpcore/_backends/sync.py:207: in connect_tcp
    with map_exceptions(exc_map):
         ^^^^^^^^^^^^^^^^^^^^^^^
/usr/lib/python3.13/contextlib.py:162: in __exit__
    self.gen.throw(value)
_ _ _ _ _ _ _ _ _ _ _ _ _ _ _ _ _ _ _ _ _ _ _ _ _ _ _ _ _ _ _ _ _ _ _ _ _ _ _ _ _ _ _ _ _ _ _ _ _ _ _ _ _ _ _ _ _ _ _ _ _ _ _ _ _ _ _ _ _ _ _ _ _ _ _ _ _ _ _ _ _ _ _ _ _ _ _ _ _ _ _ _ _ _ _ _ _ _ _ _ 

map = {<class 'TimeoutError'>: <class 'httpcore.ConnectTimeout'>, <class 'OSError'>: <class 'httpcore.ConnectError'>}

    @contextlib.contextmanager
    def map_exceptions(map: ExceptionMapping) -> typing.Iterator[None]:
        try:
            yield
        except Exception as exc:  # noqa: PIE786
            for from_exc, to_exc in map.items():
                if isinstance(exc, from_exc):
>                   raise to_exc(exc) from exc
E                   httpcore.ConnectError: [Errno 111] Connection refused

../df-py/lib/python3.13/site-packages/httpcore/_exceptions.py:14: ConnectError

The above exception was the direct cause of the following exception:

reset = <function reset.<locals>._reset at 0x7ff8aa4c5e40>

    @pytest.fixture
    def seeded(reset):
        fixture = fx.fixture()
>       reset(fixture)

tablekeeper/test/stage_2/test_ui.py:15: 
_ _ _ _ _ _ _ _ _ _ _ _ _ _ _ _ _ _ _ _ _ _ _ _ _ _ _ _ _ _ _ _ _ _ _ _ _ _ _ _ _ _ _ _ _ _ _ _ _ _ _ _ _ _ _ _ _ _ _ _ _ _ _ _ _ _ _ _ _ _ _ _ _ _ _ _ _ _ _ _ _ _ _ _ _ _ _ _ _ _ _ _ _ _ _ _ _ _ _ _ 
harness/plugin.py:106: in _reset
    resp = httpx.post(f"{base_url}/_test/reset", json=fixture, timeout=RESET_TIMEOUT)
           ^^^^^^^^^^^^^^^^^^^^^^^^^^^^^^^^^^^^^^^^^^^^^^^^^^^^^^^^^^^^^^^^^^^^^^^^^^
../df-py/lib/python3.13/site-packages/httpx/_api.py:304: in post
    return request(
../df-py/lib/python3.13/site-packages/httpx/_api.py:109: in request
    return client.request(
../df-py/lib/python3.13/site-packages/httpx/_client.py:825: in request
    return self.send(request, auth=auth, follow_redirects=follow_redirects)
           ^^^^^^^^^^^^^^^^^^^^^^^^^^^^^^^^^^^^^^^^^^^^^^^^^^^^^^^^^^^^^^^^
../df-py/lib/python3.13/site-packages/httpx/_client.py:914: in send
    response = self._send_handling_auth(
../df-py/lib/python3.13/site-packages/httpx/_client.py:942: in _send_handling_auth
    response = self._send_handling_redirects(
../df-py/lib/python3.13/site-packages/httpx/_client.py:979: in _send_handling_redirects
    response = self._send_single_request(request)
               ^^^^^^^^^^^^^^^^^^^^^^^^^^^^^^^^^^
../df-py/lib/python3.13/site-packages/httpx/_client.py:1014: in _send_single_request
    response = transport.handle_request(request)
               ^^^^^^^^^^^^^^^^^^^^^^^^^^^^^^^^^
../df-py/lib/python3.13/site-packages/httpx/_transports/default.py:249: in handle_request
    with map_httpcore_exceptions():
         ^^^^^^^^^^^^^^^^^^^^^^^^^
/usr/lib/python3.13/contextlib.py:162: in __exit__
    self.gen.throw(value)
_ _ _ _ _ _ _ _ _ _ _ _ _ _ _ _ _ _ _ _ _ _ _ _ _ _ _ _ _ _ _ _ _ _ _ _ _ _ _ _ _ _ _ _ _ _ _ _ _ _ _ _ _ _ _ _ _ _ _ _ _ _ _ _ _ _ _ _ _ _ _ _ _ _ _ _ _ _ _ _ _ _ _ _ _ _ _ _ _ _ _ _ _ _ _ _ _ _ _ _ 

    @contextlib.contextmanager
    def map_httpcore_exceptions() -> typing.Iterator[None]:
        global HTTPCORE_EXC_MAP
        if len(HTTPCORE_EXC_MAP) == 0:
            HTTPCORE_EXC_MAP = _load_httpcore_exceptions()
        try:
            yield
        except Exception as exc:
            mapped_exc = None
    
            for from_exc, to_exc in HTTPCORE_EXC_MAP.items():
                if not isinstance(exc, from_exc):
                    continue
                # We want to map to the most specific exception we can find.
                # Eg if `exc` is an `httpcore.ReadTimeout`, we want to map to
                # `httpx.ReadTimeout`, not just `httpx.TimeoutException`.
                if mapped_exc is None or issubclass(to_exc, mapped_exc):
                    mapped_exc = to_exc
    
            if mapped_exc is None:  # pragma: no cover
                raise
    
            message = str(exc)
>           raise mapped_exc(message) from exc
E           httpx.ConnectError: [Errno 111] Connection refused

../df-py/lib/python3.13/site-packages/httpx/_transports/default.py:118: ConnectError
_________________________________________________________________ ERROR at setup of test_submitting_the_booking_form_twice_books_once __________________________________________________________________

    @contextlib.contextmanager
    def map_httpcore_exceptions() -> typing.Iterator[None]:
        global HTTPCORE_EXC_MAP
        if len(HTTPCORE_EXC_MAP) == 0:
            HTTPCORE_EXC_MAP = _load_httpcore_exceptions()
        try:
>           yield

../df-py/lib/python3.13/site-packages/httpx/_transports/default.py:101: 
_ _ _ _ _ _ _ _ _ _ _ _ _ _ _ _ _ _ _ _ _ _ _ _ _ _ _ _ _ _ _ _ _ _ _ _ _ _ _ _ _ _ _ _ _ _ _ _ _ _ _ _ _ _ _ _ _ _ _ _ _ _ _ _ _ _ _ _ _ _ _ _ _ _ _ _ _ _ _ _ _ _ _ _ _ _ _ _ _ _ _ _ _ _ _ _ _ _ _ _ 
../df-py/lib/python3.13/site-packages/httpx/_transports/default.py:250: in handle_request
    resp = self._pool.handle_request(req)
           ^^^^^^^^^^^^^^^^^^^^^^^^^^^^^^
../df-py/lib/python3.13/site-packages/httpcore/_sync/connection_pool.py:256: in handle_request
    raise exc from None
../df-py/lib/python3.13/site-packages/httpcore/_sync/connection_pool.py:236: in handle_request
    response = connection.handle_request(
../df-py/lib/python3.13/site-packages/httpcore/_sync/connection.py:101: in handle_request
    raise exc
../df-py/lib/python3.13/site-packages/httpcore/_sync/connection.py:78: in handle_request
    stream = self._connect(request)
             ^^^^^^^^^^^^^^^^^^^^^^
../df-py/lib/python3.13/site-packages/httpcore/_sync/connection.py:124: in _connect
    stream = self._network_backend.connect_tcp(**kwargs)
             ^^^^^^^^^^^^^^^^^^^^^^^^^^^^^^^^^^^^^^^^^^^
../df-py/lib/python3.13/site-packages/httpcore/_backends/sync.py:207: in connect_tcp
    with map_exceptions(exc_map):
         ^^^^^^^^^^^^^^^^^^^^^^^
/usr/lib/python3.13/contextlib.py:162: in __exit__
    self.gen.throw(value)
_ _ _ _ _ _ _ _ _ _ _ _ _ _ _ _ _ _ _ _ _ _ _ _ _ _ _ _ _ _ _ _ _ _ _ _ _ _ _ _ _ _ _ _ _ _ _ _ _ _ _ _ _ _ _ _ _ _ _ _ _ _ _ _ _ _ _ _ _ _ _ _ _ _ _ _ _ _ _ _ _ _ _ _ _ _ _ _ _ _ _ _ _ _ _ _ _ _ _ _ 

map = {<class 'TimeoutError'>: <class 'httpcore.ConnectTimeout'>, <class 'OSError'>: <class 'httpcore.ConnectError'>}

    @contextlib.contextmanager
    def map_exceptions(map: ExceptionMapping) -> typing.Iterator[None]:
        try:
            yield
        except Exception as exc:  # noqa: PIE786
            for from_exc, to_exc in map.items():
                if isinstance(exc, from_exc):
>                   raise to_exc(exc) from exc
E                   httpcore.ConnectError: [Errno 111] Connection refused

../df-py/lib/python3.13/site-packages/httpcore/_exceptions.py:14: ConnectError

The above exception was the direct cause of the following exception:

reset = <function reset.<locals>._reset at 0x7ff8aa4c6c00>

    @pytest.fixture
    def seeded(reset):
        fixture = fx.fixture()
>       reset(fixture)

tablekeeper/test/stage_2/test_ui.py:15: 
_ _ _ _ _ _ _ _ _ _ _ _ _ _ _ _ _ _ _ _ _ _ _ _ _ _ _ _ _ _ _ _ _ _ _ _ _ _ _ _ _ _ _ _ _ _ _ _ _ _ _ _ _ _ _ _ _ _ _ _ _ _ _ _ _ _ _ _ _ _ _ _ _ _ _ _ _ _ _ _ _ _ _ _ _ _ _ _ _ _ _ _ _ _ _ _ _ _ _ _ 
harness/plugin.py:106: in _reset
    resp = httpx.post(f"{base_url}/_test/reset", json=fixture, timeout=RESET_TIMEOUT)
           ^^^^^^^^^^^^^^^^^^^^^^^^^^^^^^^^^^^^^^^^^^^^^^^^^^^^^^^^^^^^^^^^^^^^^^^^^^
../df-py/lib/python3.13/site-packages/httpx/_api.py:304: in post
    return request(
../df-py/lib/python3.13/site-packages/httpx/_api.py:109: in request
    return client.request(
../df-py/lib/python3.13/site-packages/httpx/_client.py:825: in request
    return self.send(request, auth=auth, follow_redirects=follow_redirects)
           ^^^^^^^^^^^^^^^^^^^^^^^^^^^^^^^^^^^^^^^^^^^^^^^^^^^^^^^^^^^^^^^^
../df-py/lib/python3.13/site-packages/httpx/_client.py:914: in send
    response = self._send_handling_auth(
../df-py/lib/python3.13/site-packages/httpx/_client.py:942: in _send_handling_auth
    response = self._send_handling_redirects(
../df-py/lib/python3.13/site-packages/httpx/_client.py:979: in _send_handling_redirects
    response = self._send_single_request(request)
               ^^^^^^^^^^^^^^^^^^^^^^^^^^^^^^^^^^
../df-py/lib/python3.13/site-packages/httpx/_client.py:1014: in _send_single_request
    response = transport.handle_request(request)
               ^^^^^^^^^^^^^^^^^^^^^^^^^^^^^^^^^
../df-py/lib/python3.13/site-packages/httpx/_transports/default.py:249: in handle_request
    with map_httpcore_exceptions():
         ^^^^^^^^^^^^^^^^^^^^^^^^^
/usr/lib/python3.13/contextlib.py:162: in __exit__
    self.gen.throw(value)
_ _ _ _ _ _ _ _ _ _ _ _ _ _ _ _ _ _ _ _ _ _ _ _ _ _ _ _ _ _ _ _ _ _ _ _ _ _ _ _ _ _ _ _ _ _ _ _ _ _ _ _ _ _ _ _ _ _ _ _ _ _ _ _ _ _ _ _ _ _ _ _ _ _ _ _ _ _ _ _ _ _ _ _ _ _ _ _ _ _ _ _ _ _ _ _ _ _ _ _ 

    @contextlib.contextmanager
    def map_httpcore_exceptions() -> typing.Iterator[None]:
        global HTTPCORE_EXC_MAP
        if len(HTTPCORE_EXC_MAP) == 0:
            HTTPCORE_EXC_MAP = _load_httpcore_exceptions()
        try:
            yield
        except Exception as exc:
            mapped_exc = None
    
            for from_exc, to_exc in HTTPCORE_EXC_MAP.items():
                if not isinstance(exc, from_exc):
                    continue
                # We want to map to the most specific exception we can find.
                # Eg if `exc` is an `httpcore.ReadTimeout`, we want to map to
                # `httpx.ReadTimeout`, not just `httpx.TimeoutException`.
                if mapped_exc is None or issubclass(to_exc, mapped_exc):
                    mapped_exc = to_exc
    
            if mapped_exc is None:  # pragma: no cover
                raise
    
            message = str(exc)
>           raise mapped_exc(message) from exc
E           httpx.ConnectError: [Errno 111] Connection refused

../df-py/lib/python3.13/site-packages/httpx/_transports/default.py:118: ConnectError
____________________________________________________________________ ERROR at setup of test_a_double_submit_leaves_one_reservation _____________________________________________________________________

    @contextlib.contextmanager
    def map_httpcore_exceptions() -> typing.Iterator[None]:
        global HTTPCORE_EXC_MAP
        if len(HTTPCORE_EXC_MAP) == 0:
            HTTPCORE_EXC_MAP = _load_httpcore_exceptions()
        try:
>           yield

../df-py/lib/python3.13/site-packages/httpx/_transports/default.py:101: 
_ _ _ _ _ _ _ _ _ _ _ _ _ _ _ _ _ _ _ _ _ _ _ _ _ _ _ _ _ _ _ _ _ _ _ _ _ _ _ _ _ _ _ _ _ _ _ _ _ _ _ _ _ _ _ _ _ _ _ _ _ _ _ _ _ _ _ _ _ _ _ _ _ _ _ _ _ _ _ _ _ _ _ _ _ _ _ _ _ _ _ _ _ _ _ _ _ _ _ _ 
../df-py/lib/python3.13/site-packages/httpx/_transports/default.py:250: in handle_request
    resp = self._pool.handle_request(req)
           ^^^^^^^^^^^^^^^^^^^^^^^^^^^^^^
../df-py/lib/python3.13/site-packages/httpcore/_sync/connection_pool.py:256: in handle_request
    raise exc from None
../df-py/lib/python3.13/site-packages/httpcore/_sync/connection_pool.py:236: in handle_request
    response = connection.handle_request(
../df-py/lib/python3.13/site-packages/httpcore/_sync/connection.py:101: in handle_request
    raise exc
../df-py/lib/python3.13/site-packages/httpcore/_sync/connection.py:78: in handle_request
    stream = self._connect(request)
             ^^^^^^^^^^^^^^^^^^^^^^
../df-py/lib/python3.13/site-packages/httpcore/_sync/connection.py:124: in _connect
    stream = self._network_backend.connect_tcp(**kwargs)
             ^^^^^^^^^^^^^^^^^^^^^^^^^^^^^^^^^^^^^^^^^^^
../df-py/lib/python3.13/site-packages/httpcore/_backends/sync.py:207: in connect_tcp
    with map_exceptions(exc_map):
         ^^^^^^^^^^^^^^^^^^^^^^^
/usr/lib/python3.13/contextlib.py:162: in __exit__
    self.gen.throw(value)
_ _ _ _ _ _ _ _ _ _ _ _ _ _ _ _ _ _ _ _ _ _ _ _ _ _ _ _ _ _ _ _ _ _ _ _ _ _ _ _ _ _ _ _ _ _ _ _ _ _ _ _ _ _ _ _ _ _ _ _ _ _ _ _ _ _ _ _ _ _ _ _ _ _ _ _ _ _ _ _ _ _ _ _ _ _ _ _ _ _ _ _ _ _ _ _ _ _ _ _ 

map = {<class 'TimeoutError'>: <class 'httpcore.ConnectTimeout'>, <class 'OSError'>: <class 'httpcore.ConnectError'>}

    @contextlib.contextmanager
    def map_exceptions(map: ExceptionMapping) -> typing.Iterator[None]:
        try:
            yield
        except Exception as exc:  # noqa: PIE786
            for from_exc, to_exc in map.items():
                if isinstance(exc, from_exc):
>                   raise to_exc(exc) from exc
E                   httpcore.ConnectError: [Errno 111] Connection refused

../df-py/lib/python3.13/site-packages/httpcore/_exceptions.py:14: ConnectError

The above exception was the direct cause of the following exception:

reset = <function reset.<locals>._reset at 0x7ff8aa4c5e40>

    @pytest.fixture
    def seeded(reset):
        fixture = fx.fixture()
>       reset(fixture)

tablekeeper/test/stage_2/test_ui.py:15: 
_ _ _ _ _ _ _ _ _ _ _ _ _ _ _ _ _ _ _ _ _ _ _ _ _ _ _ _ _ _ _ _ _ _ _ _ _ _ _ _ _ _ _ _ _ _ _ _ _ _ _ _ _ _ _ _ _ _ _ _ _ _ _ _ _ _ _ _ _ _ _ _ _ _ _ _ _ _ _ _ _ _ _ _ _ _ _ _ _ _ _ _ _ _ _ _ _ _ _ _ 
harness/plugin.py:106: in _reset
    resp = httpx.post(f"{base_url}/_test/reset", json=fixture, timeout=RESET_TIMEOUT)
           ^^^^^^^^^^^^^^^^^^^^^^^^^^^^^^^^^^^^^^^^^^^^^^^^^^^^^^^^^^^^^^^^^^^^^^^^^^
../df-py/lib/python3.13/site-packages/httpx/_api.py:304: in post
    return request(
../df-py/lib/python3.13/site-packages/httpx/_api.py:109: in request
    return client.request(
../df-py/lib/python3.13/site-packages/httpx/_client.py:825: in request
    return self.send(request, auth=auth, follow_redirects=follow_redirects)
           ^^^^^^^^^^^^^^^^^^^^^^^^^^^^^^^^^^^^^^^^^^^^^^^^^^^^^^^^^^^^^^^^
../df-py/lib/python3.13/site-packages/httpx/_client.py:914: in send
    response = self._send_handling_auth(
../df-py/lib/python3.13/site-packages/httpx/_client.py:942: in _send_handling_auth
    response = self._send_handling_redirects(
../df-py/lib/python3.13/site-packages/httpx/_client.py:979: in _send_handling_redirects
    response = self._send_single_request(request)
               ^^^^^^^^^^^^^^^^^^^^^^^^^^^^^^^^^^
../df-py/lib/python3.13/site-packages/httpx/_client.py:1014: in _send_single_request
    response = transport.handle_request(request)
               ^^^^^^^^^^^^^^^^^^^^^^^^^^^^^^^^^
../df-py/lib/python3.13/site-packages/httpx/_transports/default.py:249: in handle_request
    with map_httpcore_exceptions():
         ^^^^^^^^^^^^^^^^^^^^^^^^^
/usr/lib/python3.13/contextlib.py:162: in __exit__
    self.gen.throw(value)
_ _ _ _ _ _ _ _ _ _ _ _ _ _ _ _ _ _ _ _ _ _ _ _ _ _ _ _ _ _ _ _ _ _ _ _ _ _ _ _ _ _ _ _ _ _ _ _ _ _ _ _ _ _ _ _ _ _ _ _ _ _ _ _ _ _ _ _ _ _ _ _ _ _ _ _ _ _ _ _ _ _ _ _ _ _ _ _ _ _ _ _ _ _ _ _ _ _ _ _ 

    @contextlib.contextmanager
    def map_httpcore_exceptions() -> typing.Iterator[None]:
        global HTTPCORE_EXC_MAP
        if len(HTTPCORE_EXC_MAP) == 0:
            HTTPCORE_EXC_MAP = _load_httpcore_exceptions()
        try:
            yield
        except Exception as exc:
            mapped_exc = None
    
            for from_exc, to_exc in HTTPCORE_EXC_MAP.items():
                if not isinstance(exc, from_exc):
                    continue
                # We want to map to the most specific exception we can find.
                # Eg if `exc` is an `httpcore.ReadTimeout`, we want to map to
                # `httpx.ReadTimeout`, not just `httpx.TimeoutException`.
                if mapped_exc is None or issubclass(to_exc, mapped_exc):
                    mapped_exc = to_exc
    
            if mapped_exc is None:  # pragma: no cover
                raise
    
            message = str(exc)
>           raise mapped_exc(message) from exc
E           httpx.ConnectError: [Errno 111] Connection refused

../df-py/lib/python3.13/site-packages/httpx/_transports/default.py:118: ConnectError
________________________________________________________________ ERROR at setup of test_changing_the_form_first_is_a_different_booking _________________________________________________________________

    @contextlib.contextmanager
    def map_httpcore_exceptions() -> typing.Iterator[None]:
        global HTTPCORE_EXC_MAP
        if len(HTTPCORE_EXC_MAP) == 0:
            HTTPCORE_EXC_MAP = _load_httpcore_exceptions()
        try:
>           yield

../df-py/lib/python3.13/site-packages/httpx/_transports/default.py:101: 
_ _ _ _ _ _ _ _ _ _ _ _ _ _ _ _ _ _ _ _ _ _ _ _ _ _ _ _ _ _ _ _ _ _ _ _ _ _ _ _ _ _ _ _ _ _ _ _ _ _ _ _ _ _ _ _ _ _ _ _ _ _ _ _ _ _ _ _ _ _ _ _ _ _ _ _ _ _ _ _ _ _ _ _ _ _ _ _ _ _ _ _ _ _ _ _ _ _ _ _ 
../df-py/lib/python3.13/site-packages/httpx/_transports/default.py:250: in handle_request
    resp = self._pool.handle_request(req)
           ^^^^^^^^^^^^^^^^^^^^^^^^^^^^^^
../df-py/lib/python3.13/site-packages/httpcore/_sync/connection_pool.py:256: in handle_request
    raise exc from None
../df-py/lib/python3.13/site-packages/httpcore/_sync/connection_pool.py:236: in handle_request
    response = connection.handle_request(
../df-py/lib/python3.13/site-packages/httpcore/_sync/connection.py:101: in handle_request
    raise exc
../df-py/lib/python3.13/site-packages/httpcore/_sync/connection.py:78: in handle_request
    stream = self._connect(request)
             ^^^^^^^^^^^^^^^^^^^^^^
../df-py/lib/python3.13/site-packages/httpcore/_sync/connection.py:124: in _connect
    stream = self._network_backend.connect_tcp(**kwargs)
             ^^^^^^^^^^^^^^^^^^^^^^^^^^^^^^^^^^^^^^^^^^^
../df-py/lib/python3.13/site-packages/httpcore/_backends/sync.py:207: in connect_tcp
    with map_exceptions(exc_map):
         ^^^^^^^^^^^^^^^^^^^^^^^
/usr/lib/python3.13/contextlib.py:162: in __exit__
    self.gen.throw(value)
_ _ _ _ _ _ _ _ _ _ _ _ _ _ _ _ _ _ _ _ _ _ _ _ _ _ _ _ _ _ _ _ _ _ _ _ _ _ _ _ _ _ _ _ _ _ _ _ _ _ _ _ _ _ _ _ _ _ _ _ _ _ _ _ _ _ _ _ _ _ _ _ _ _ _ _ _ _ _ _ _ _ _ _ _ _ _ _ _ _ _ _ _ _ _ _ _ _ _ _ 

map = {<class 'TimeoutError'>: <class 'httpcore.ConnectTimeout'>, <class 'OSError'>: <class 'httpcore.ConnectError'>}

    @contextlib.contextmanager
    def map_exceptions(map: ExceptionMapping) -> typing.Iterator[None]:
        try:
            yield
        except Exception as exc:  # noqa: PIE786
            for from_exc, to_exc in map.items():
                if isinstance(exc, from_exc):
>                   raise to_exc(exc) from exc
E                   httpcore.ConnectError: [Errno 111] Connection refused

../df-py/lib/python3.13/site-packages/httpcore/_exceptions.py:14: ConnectError

The above exception was the direct cause of the following exception:

reset = <function reset.<locals>._reset at 0x7ff8aa4c7380>

    @pytest.fixture
    def seeded(reset):
        fixture = fx.fixture()
>       reset(fixture)

tablekeeper/test/stage_2/test_ui.py:15: 
_ _ _ _ _ _ _ _ _ _ _ _ _ _ _ _ _ _ _ _ _ _ _ _ _ _ _ _ _ _ _ _ _ _ _ _ _ _ _ _ _ _ _ _ _ _ _ _ _ _ _ _ _ _ _ _ _ _ _ _ _ _ _ _ _ _ _ _ _ _ _ _ _ _ _ _ _ _ _ _ _ _ _ _ _ _ _ _ _ _ _ _ _ _ _ _ _ _ _ _ 
harness/plugin.py:106: in _reset
    resp = httpx.post(f"{base_url}/_test/reset", json=fixture, timeout=RESET_TIMEOUT)
           ^^^^^^^^^^^^^^^^^^^^^^^^^^^^^^^^^^^^^^^^^^^^^^^^^^^^^^^^^^^^^^^^^^^^^^^^^^
../df-py/lib/python3.13/site-packages/httpx/_api.py:304: in post
    return request(
../df-py/lib/python3.13/site-packages/httpx/_api.py:109: in request
    return client.request(
../df-py/lib/python3.13/site-packages/httpx/_client.py:825: in request
    return self.send(request, auth=auth, follow_redirects=follow_redirects)
           ^^^^^^^^^^^^^^^^^^^^^^^^^^^^^^^^^^^^^^^^^^^^^^^^^^^^^^^^^^^^^^^^
../df-py/lib/python3.13/site-packages/httpx/_client.py:914: in send
    response = self._send_handling_auth(
../df-py/lib/python3.13/site-packages/httpx/_client.py:942: in _send_handling_auth
    response = self._send_handling_redirects(
../df-py/lib/python3.13/site-packages/httpx/_client.py:979: in _send_handling_redirects
    response = self._send_single_request(request)
               ^^^^^^^^^^^^^^^^^^^^^^^^^^^^^^^^^^
../df-py/lib/python3.13/site-packages/httpx/_client.py:1014: in _send_single_request
    response = transport.handle_request(request)
               ^^^^^^^^^^^^^^^^^^^^^^^^^^^^^^^^^
../df-py/lib/python3.13/site-packages/httpx/_transports/default.py:249: in handle_request
    with map_httpcore_exceptions():
         ^^^^^^^^^^^^^^^^^^^^^^^^^
/usr/lib/python3.13/contextlib.py:162: in __exit__
    self.gen.throw(value)
_ _ _ _ _ _ _ _ _ _ _ _ _ _ _ _ _ _ _ _ _ _ _ _ _ _ _ _ _ _ _ _ _ _ _ _ _ _ _ _ _ _ _ _ _ _ _ _ _ _ _ _ _ _ _ _ _ _ _ _ _ _ _ _ _ _ _ _ _ _ _ _ _ _ _ _ _ _ _ _ _ _ _ _ _ _ _ _ _ _ _ _ _ _ _ _ _ _ _ _ 

    @contextlib.contextmanager
    def map_httpcore_exceptions() -> typing.Iterator[None]:
        global HTTPCORE_EXC_MAP
        if len(HTTPCORE_EXC_MAP) == 0:
            HTTPCORE_EXC_MAP = _load_httpcore_exceptions()
        try:
            yield
        except Exception as exc:
            mapped_exc = None
    
            for from_exc, to_exc in HTTPCORE_EXC_MAP.items():
                if not isinstance(exc, from_exc):
                    continue
                # We want to map to the most specific exception we can find.
                # Eg if `exc` is an `httpcore.ReadTimeout`, we want to map to
                # `httpx.ReadTimeout`, not just `httpx.TimeoutException`.
                if mapped_exc is None or issubclass(to_exc, mapped_exc):
                    mapped_exc = to_exc
    
            if mapped_exc is None:  # pragma: no cover
                raise
    
            message = str(exc)
>           raise mapped_exc(message) from exc
E           httpx.ConnectError: [Errno 111] Connection refused

../df-py/lib/python3.13/site-packages/httpx/_transports/default.py:118: ConnectError
=============================================================================================== FAILURES ===============================================================================================
_____________________________________________________________________________ test_preceding_stage_accounts_survive_import _____________________________________________________________________________

    @contextlib.contextmanager
    def map_httpcore_exceptions() -> typing.Iterator[None]:
        global HTTPCORE_EXC_MAP
        if len(HTTPCORE_EXC_MAP) == 0:
            HTTPCORE_EXC_MAP = _load_httpcore_exceptions()
        try:
>           yield

../df-py/lib/python3.13/site-packages/httpx/_transports/default.py:101: 
_ _ _ _ _ _ _ _ _ _ _ _ _ _ _ _ _ _ _ _ _ _ _ _ _ _ _ _ _ _ _ _ _ _ _ _ _ _ _ _ _ _ _ _ _ _ _ _ _ _ _ _ _ _ _ _ _ _ _ _ _ _ _ _ _ _ _ _ _ _ _ _ _ _ _ _ _ _ _ _ _ _ _ _ _ _ _ _ _ _ _ _ _ _ _ _ _ _ _ _ 
../df-py/lib/python3.13/site-packages/httpx/_transports/default.py:250: in handle_request
    resp = self._pool.handle_request(req)
           ^^^^^^^^^^^^^^^^^^^^^^^^^^^^^^
../df-py/lib/python3.13/site-packages/httpcore/_sync/connection_pool.py:256: in handle_request
    raise exc from None
../df-py/lib/python3.13/site-packages/httpcore/_sync/connection_pool.py:236: in handle_request
    response = connection.handle_request(
../df-py/lib/python3.13/site-packages/httpcore/_sync/connection.py:101: in handle_request
    raise exc
../df-py/lib/python3.13/site-packages/httpcore/_sync/connection.py:78: in handle_request
    stream = self._connect(request)
             ^^^^^^^^^^^^^^^^^^^^^^
../df-py/lib/python3.13/site-packages/httpcore/_sync/connection.py:124: in _connect
    stream = self._network_backend.connect_tcp(**kwargs)
             ^^^^^^^^^^^^^^^^^^^^^^^^^^^^^^^^^^^^^^^^^^^
../df-py/lib/python3.13/site-packages/httpcore/_backends/sync.py:207: in connect_tcp
    with map_exceptions(exc_map):
         ^^^^^^^^^^^^^^^^^^^^^^^
/usr/lib/python3.13/contextlib.py:162: in __exit__
    self.gen.throw(value)
_ _ _ _ _ _ _ _ _ _ _ _ _ _ _ _ _ _ _ _ _ _ _ _ _ _ _ _ _ _ _ _ _ _ _ _ _ _ _ _ _ _ _ _ _ _ _ _ _ _ _ _ _ _ _ _ _ _ _ _ _ _ _ _ _ _ _ _ _ _ _ _ _ _ _ _ _ _ _ _ _ _ _ _ _ _ _ _ _ _ _ _ _ _ _ _ _ _ _ _ 

map = {<class 'TimeoutError'>: <class 'httpcore.ConnectTimeout'>, <class 'OSError'>: <class 'httpcore.ConnectError'>}

    @contextlib.contextmanager
    def map_exceptions(map: ExceptionMapping) -> typing.Iterator[None]:
        try:
            yield
        except Exception as exc:  # noqa: PIE786
            for from_exc, to_exc in map.items():
                if isinstance(exc, from_exc):
>                   raise to_exc(exc) from exc
E                   httpcore.ConnectError: [Errno 111] Connection refused

../df-py/lib/python3.13/site-packages/httpcore/_exceptions.py:14: ConnectError

The above exception was the direct cause of the following exception:

previous_api = <harness.http.Api object at 0x7ff8aa98cad0>, api = <function api.<locals>._api at 0x7ff8aa340540>

    def test_preceding_stage_accounts_survive_import(previous_api, api):
        import fixtures as fx
        assert previous_api.post('/_test/reset', json=fx.fixture()).status_code == 204
        previous_api.authenticate(fx.ADA['email'], fx.ADA['password'])
        snapshot = previous_api.get('/_test/export')
        assert snapshot.status_code == 200
        target = api(token=previous_api.token)
>       assert target.post('/_test/import', json=snapshot.json()).status_code == 204
               ^^^^^^^^^^^^^^^^^^^^^^^^^^^^^^^^^^^^^^^^^^^^^^^^^^

tablekeeper/test/stage_2/test_sample.py:91: 
_ _ _ _ _ _ _ _ _ _ _ _ _ _ _ _ _ _ _ _ _ _ _ _ _ _ _ _ _ _ _ _ _ _ _ _ _ _ _ _ _ _ _ _ _ _ _ _ _ _ _ _ _ _ _ _ _ _ _ _ _ _ _ _ _ _ _ _ _ _ _ _ _ _ _ _ _ _ _ _ _ _ _ _ _ _ _ _ _ _ _ _ _ _ _ _ _ _ _ _ 
harness/http.py:75: in post
    return self.request("POST", path, **kw)
           ^^^^^^^^^^^^^^^^^^^^^^^^^^^^^^^^
harness/http.py:69: in request
    return self._client.request(method, path, **kwargs)
           ^^^^^^^^^^^^^^^^^^^^^^^^^^^^^^^^^^^^^^^^^^^^
../df-py/lib/python3.13/site-packages/httpx/_client.py:825: in request
    return self.send(request, auth=auth, follow_redirects=follow_redirects)
           ^^^^^^^^^^^^^^^^^^^^^^^^^^^^^^^^^^^^^^^^^^^^^^^^^^^^^^^^^^^^^^^^
../df-py/lib/python3.13/site-packages/httpx/_client.py:914: in send
    response = self._send_handling_auth(
../df-py/lib/python3.13/site-packages/httpx/_client.py:942: in _send_handling_auth
    response = self._send_handling_redirects(
../df-py/lib/python3.13/site-packages/httpx/_client.py:979: in _send_handling_redirects
    response = self._send_single_request(request)
               ^^^^^^^^^^^^^^^^^^^^^^^^^^^^^^^^^^
../df-py/lib/python3.13/site-packages/httpx/_client.py:1014: in _send_single_request
    response = transport.handle_request(request)
               ^^^^^^^^^^^^^^^^^^^^^^^^^^^^^^^^^
../df-py/lib/python3.13/site-packages/httpx/_transports/default.py:249: in handle_request
    with map_httpcore_exceptions():
         ^^^^^^^^^^^^^^^^^^^^^^^^^
/usr/lib/python3.13/contextlib.py:162: in __exit__
    self.gen.throw(value)
_ _ _ _ _ _ _ _ _ _ _ _ _ _ _ _ _ _ _ _ _ _ _ _ _ _ _ _ _ _ _ _ _ _ _ _ _ _ _ _ _ _ _ _ _ _ _ _ _ _ _ _ _ _ _ _ _ _ _ _ _ _ _ _ _ _ _ _ _ _ _ _ _ _ _ _ _ _ _ _ _ _ _ _ _ _ _ _ _ _ _ _ _ _ _ _ _ _ _ _ 

    @contextlib.contextmanager
    def map_httpcore_exceptions() -> typing.Iterator[None]:
        global HTTPCORE_EXC_MAP
        if len(HTTPCORE_EXC_MAP) == 0:
            HTTPCORE_EXC_MAP = _load_httpcore_exceptions()
        try:
            yield
        except Exception as exc:
            mapped_exc = None
    
            for from_exc, to_exc in HTTPCORE_EXC_MAP.items():
                if not isinstance(exc, from_exc):
                    continue
                # We want to map to the most specific exception we can find.
                # Eg if `exc` is an `httpcore.ReadTimeout`, we want to map to
                # `httpx.ReadTimeout`, not just `httpx.TimeoutException`.
                if mapped_exc is None or issubclass(to_exc, mapped_exc):
                    mapped_exc = to_exc
    
            if mapped_exc is None:  # pragma: no cover
                raise
    
            message = str(exc)
>           raise mapped_exc(message) from exc
E           httpx.ConnectError: [Errno 111] Connection refused

../df-py/lib/python3.13/site-packages/httpx/_transports/default.py:118: ConnectError
_______________________________________________________________________________ test_a_combination_occupies_both_tables ________________________________________________________________________________

    @contextlib.contextmanager
    def map_httpcore_exceptions() -> typing.Iterator[None]:
        global HTTPCORE_EXC_MAP
        if len(HTTPCORE_EXC_MAP) == 0:
            HTTPCORE_EXC_MAP = _load_httpcore_exceptions()
        try:
>           yield

../df-py/lib/python3.13/site-packages/httpx/_transports/default.py:101: 
_ _ _ _ _ _ _ _ _ _ _ _ _ _ _ _ _ _ _ _ _ _ _ _ _ _ _ _ _ _ _ _ _ _ _ _ _ _ _ _ _ _ _ _ _ _ _ _ _ _ _ _ _ _ _ _ _ _ _ _ _ _ _ _ _ _ _ _ _ _ _ _ _ _ _ _ _ _ _ _ _ _ _ _ _ _ _ _ _ _ _ _ _ _ _ _ _ _ _ _ 
../df-py/lib/python3.13/site-packages/httpx/_transports/default.py:250: in handle_request
    resp = self._pool.handle_request(req)
           ^^^^^^^^^^^^^^^^^^^^^^^^^^^^^^
../df-py/lib/python3.13/site-packages/httpcore/_sync/connection_pool.py:256: in handle_request
    raise exc from None
../df-py/lib/python3.13/site-packages/httpcore/_sync/connection_pool.py:236: in handle_request
    response = connection.handle_request(
../df-py/lib/python3.13/site-packages/httpcore/_sync/connection.py:101: in handle_request
    raise exc
../df-py/lib/python3.13/site-packages/httpcore/_sync/connection.py:78: in handle_request
    stream = self._connect(request)
             ^^^^^^^^^^^^^^^^^^^^^^
../df-py/lib/python3.13/site-packages/httpcore/_sync/connection.py:124: in _connect
    stream = self._network_backend.connect_tcp(**kwargs)
             ^^^^^^^^^^^^^^^^^^^^^^^^^^^^^^^^^^^^^^^^^^^
../df-py/lib/python3.13/site-packages/httpcore/_backends/sync.py:207: in connect_tcp
    with map_exceptions(exc_map):
         ^^^^^^^^^^^^^^^^^^^^^^^
/usr/lib/python3.13/contextlib.py:162: in __exit__
    self.gen.throw(value)
_ _ _ _ _ _ _ _ _ _ _ _ _ _ _ _ _ _ _ _ _ _ _ _ _ _ _ _ _ _ _ _ _ _ _ _ _ _ _ _ _ _ _ _ _ _ _ _ _ _ _ _ _ _ _ _ _ _ _ _ _ _ _ _ _ _ _ _ _ _ _ _ _ _ _ _ _ _ _ _ _ _ _ _ _ _ _ _ _ _ _ _ _ _ _ _ _ _ _ _ 

map = {<class 'TimeoutError'>: <class 'httpcore.ConnectTimeout'>, <class 'OSError'>: <class 'httpcore.ConnectError'>}

    @contextlib.contextmanager
    def map_exceptions(map: ExceptionMapping) -> typing.Iterator[None]:
        try:
            yield
        except Exception as exc:  # noqa: PIE786
            for from_exc, to_exc in map.items():
                if isinstance(exc, from_exc):
>                   raise to_exc(exc) from exc
E                   httpcore.ConnectError: [Errno 111] Connection refused

../df-py/lib/python3.13/site-packages/httpcore/_exceptions.py:14: ConnectError

The above exception was the direct cause of the following exception:

reset = <function reset.<locals>._reset at 0x7ff8aa340b80>, api = <function api.<locals>._api at 0x7ff8aa3407c0>

    def test_a_combination_occupies_both_tables(reset, api):
        from harness.http import new_key
        restaurant = fx.restaurant()
        restaurant['combinable'] = [['t_1', 't_2']]
>       reset(fx.fixture(restaurants=[restaurant]))

tablekeeper/test/stage_2/test_sample.py:99: 
_ _ _ _ _ _ _ _ _ _ _ _ _ _ _ _ _ _ _ _ _ _ _ _ _ _ _ _ _ _ _ _ _ _ _ _ _ _ _ _ _ _ _ _ _ _ _ _ _ _ _ _ _ _ _ _ _ _ _ _ _ _ _ _ _ _ _ _ _ _ _ _ _ _ _ _ _ _ _ _ _ _ _ _ _ _ _ _ _ _ _ _ _ _ _ _ _ _ _ _ 
harness/plugin.py:106: in _reset
    resp = httpx.post(f"{base_url}/_test/reset", json=fixture, timeout=RESET_TIMEOUT)
           ^^^^^^^^^^^^^^^^^^^^^^^^^^^^^^^^^^^^^^^^^^^^^^^^^^^^^^^^^^^^^^^^^^^^^^^^^^
../df-py/lib/python3.13/site-packages/httpx/_api.py:304: in post
    return request(
../df-py/lib/python3.13/site-packages/httpx/_api.py:109: in request
    return client.request(
../df-py/lib/python3.13/site-packages/httpx/_client.py:825: in request
    return self.send(request, auth=auth, follow_redirects=follow_redirects)
           ^^^^^^^^^^^^^^^^^^^^^^^^^^^^^^^^^^^^^^^^^^^^^^^^^^^^^^^^^^^^^^^^
../df-py/lib/python3.13/site-packages/httpx/_client.py:914: in send
    response = self._send_handling_auth(
../df-py/lib/python3.13/site-packages/httpx/_client.py:942: in _send_handling_auth
    response = self._send_handling_redirects(
../df-py/lib/python3.13/site-packages/httpx/_client.py:979: in _send_handling_redirects
    response = self._send_single_request(request)
               ^^^^^^^^^^^^^^^^^^^^^^^^^^^^^^^^^^
../df-py/lib/python3.13/site-packages/httpx/_client.py:1014: in _send_single_request
    response = transport.handle_request(request)
               ^^^^^^^^^^^^^^^^^^^^^^^^^^^^^^^^^
../df-py/lib/python3.13/site-packages/httpx/_transports/default.py:249: in handle_request
    with map_httpcore_exceptions():
         ^^^^^^^^^^^^^^^^^^^^^^^^^
/usr/lib/python3.13/contextlib.py:162: in __exit__
    self.gen.throw(value)
_ _ _ _ _ _ _ _ _ _ _ _ _ _ _ _ _ _ _ _ _ _ _ _ _ _ _ _ _ _ _ _ _ _ _ _ _ _ _ _ _ _ _ _ _ _ _ _ _ _ _ _ _ _ _ _ _ _ _ _ _ _ _ _ _ _ _ _ _ _ _ _ _ _ _ _ _ _ _ _ _ _ _ _ _ _ _ _ _ _ _ _ _ _ _ _ _ _ _ _ 

    @contextlib.contextmanager
    def map_httpcore_exceptions() -> typing.Iterator[None]:
        global HTTPCORE_EXC_MAP
        if len(HTTPCORE_EXC_MAP) == 0:
            HTTPCORE_EXC_MAP = _load_httpcore_exceptions()
        try:
            yield
        except Exception as exc:
            mapped_exc = None
    
            for from_exc, to_exc in HTTPCORE_EXC_MAP.items():
                if not isinstance(exc, from_exc):
                    continue
                # We want to map to the most specific exception we can find.
                # Eg if `exc` is an `httpcore.ReadTimeout`, we want to map to
                # `httpx.ReadTimeout`, not just `httpx.TimeoutException`.
                if mapped_exc is None or issubclass(to_exc, mapped_exc):
                    mapped_exc = to_exc
    
            if mapped_exc is None:  # pragma: no cover
                raise
    
            message = str(exc)
>           raise mapped_exc(message) from exc
E           httpx.ConnectError: [Errno 111] Connection refused

../df-py/lib/python3.13/site-packages/httpx/_transports/default.py:118: ConnectError
____________________________________________________________________________________ test_closed_day_shows_no_slots ____________________________________________________________________________________

    @contextlib.contextmanager
    def map_httpcore_exceptions() -> typing.Iterator[None]:
        global HTTPCORE_EXC_MAP
        if len(HTTPCORE_EXC_MAP) == 0:
            HTTPCORE_EXC_MAP = _load_httpcore_exceptions()
        try:
>           yield

../df-py/lib/python3.13/site-packages/httpx/_transports/default.py:101: 
_ _ _ _ _ _ _ _ _ _ _ _ _ _ _ _ _ _ _ _ _ _ _ _ _ _ _ _ _ _ _ _ _ _ _ _ _ _ _ _ _ _ _ _ _ _ _ _ _ _ _ _ _ _ _ _ _ _ _ _ _ _ _ _ _ _ _ _ _ _ _ _ _ _ _ _ _ _ _ _ _ _ _ _ _ _ _ _ _ _ _ _ _ _ _ _ _ _ _ _ 
../df-py/lib/python3.13/site-packages/httpx/_transports/default.py:250: in handle_request
    resp = self._pool.handle_request(req)
           ^^^^^^^^^^^^^^^^^^^^^^^^^^^^^^
../df-py/lib/python3.13/site-packages/httpcore/_sync/connection_pool.py:256: in handle_request
    raise exc from None
../df-py/lib/python3.13/site-packages/httpcore/_sync/connection_pool.py:236: in handle_request
    response = connection.handle_request(
../df-py/lib/python3.13/site-packages/httpcore/_sync/connection.py:101: in handle_request
    raise exc
../df-py/lib/python3.13/site-packages/httpcore/_sync/connection.py:78: in handle_request
    stream = self._connect(request)
             ^^^^^^^^^^^^^^^^^^^^^^
../df-py/lib/python3.13/site-packages/httpcore/_sync/connection.py:124: in _connect
    stream = self._network_backend.connect_tcp(**kwargs)
             ^^^^^^^^^^^^^^^^^^^^^^^^^^^^^^^^^^^^^^^^^^^
../df-py/lib/python3.13/site-packages/httpcore/_backends/sync.py:207: in connect_tcp
    with map_exceptions(exc_map):
         ^^^^^^^^^^^^^^^^^^^^^^^
/usr/lib/python3.13/contextlib.py:162: in __exit__
    self.gen.throw(value)
_ _ _ _ _ _ _ _ _ _ _ _ _ _ _ _ _ _ _ _ _ _ _ _ _ _ _ _ _ _ _ _ _ _ _ _ _ _ _ _ _ _ _ _ _ _ _ _ _ _ _ _ _ _ _ _ _ _ _ _ _ _ _ _ _ _ _ _ _ _ _ _ _ _ _ _ _ _ _ _ _ _ _ _ _ _ _ _ _ _ _ _ _ _ _ _ _ _ _ _ 

map = {<class 'TimeoutError'>: <class 'httpcore.ConnectTimeout'>, <class 'OSError'>: <class 'httpcore.ConnectError'>}

    @contextlib.contextmanager
    def map_exceptions(map: ExceptionMapping) -> typing.Iterator[None]:
        try:
            yield
        except Exception as exc:  # noqa: PIE786
            for from_exc, to_exc in map.items():
                if isinstance(exc, from_exc):
>                   raise to_exc(exc) from exc
E                   httpcore.ConnectError: [Errno 111] Connection refused

../df-py/lib/python3.13/site-packages/httpcore/_exceptions.py:14: ConnectError

The above exception was the direct cause of the following exception:

reset = <function reset.<locals>._reset at 0x7ff8aa341da0>, page = <Page url='about:blank'>

    def test_closed_day_shows_no_slots(reset, page):
        date = fx.booking_date()
        closed = [h for h in fx.all_week() if h["weekday"] != fx.weekday_of(date)]
>       reset(fx.fixture(restaurants=[fx.restaurant(opening_hours=closed)]))

tablekeeper/test/stage_2/test_ui.py:93: 
_ _ _ _ _ _ _ _ _ _ _ _ _ _ _ _ _ _ _ _ _ _ _ _ _ _ _ _ _ _ _ _ _ _ _ _ _ _ _ _ _ _ _ _ _ _ _ _ _ _ _ _ _ _ _ _ _ _ _ _ _ _ _ _ _ _ _ _ _ _ _ _ _ _ _ _ _ _ _ _ _ _ _ _ _ _ _ _ _ _ _ _ _ _ _ _ _ _ _ _ 
harness/plugin.py:106: in _reset
    resp = httpx.post(f"{base_url}/_test/reset", json=fixture, timeout=RESET_TIMEOUT)
           ^^^^^^^^^^^^^^^^^^^^^^^^^^^^^^^^^^^^^^^^^^^^^^^^^^^^^^^^^^^^^^^^^^^^^^^^^^
../df-py/lib/python3.13/site-packages/httpx/_api.py:304: in post
    return request(
../df-py/lib/python3.13/site-packages/httpx/_api.py:109: in request
    return client.request(
../df-py/lib/python3.13/site-packages/httpx/_client.py:825: in request
    return self.send(request, auth=auth, follow_redirects=follow_redirects)
           ^^^^^^^^^^^^^^^^^^^^^^^^^^^^^^^^^^^^^^^^^^^^^^^^^^^^^^^^^^^^^^^^
../df-py/lib/python3.13/site-packages/httpx/_client.py:914: in send
    response = self._send_handling_auth(
../df-py/lib/python3.13/site-packages/httpx/_client.py:942: in _send_handling_auth
    response = self._send_handling_redirects(
../df-py/lib/python3.13/site-packages/httpx/_client.py:979: in _send_handling_redirects
    response = self._send_single_request(request)
               ^^^^^^^^^^^^^^^^^^^^^^^^^^^^^^^^^^
../df-py/lib/python3.13/site-packages/httpx/_client.py:1014: in _send_single_request
    response = transport.handle_request(request)
               ^^^^^^^^^^^^^^^^^^^^^^^^^^^^^^^^^
../df-py/lib/python3.13/site-packages/httpx/_transports/default.py:249: in handle_request
    with map_httpcore_exceptions():
         ^^^^^^^^^^^^^^^^^^^^^^^^^
/usr/lib/python3.13/contextlib.py:162: in __exit__
    self.gen.throw(value)
_ _ _ _ _ _ _ _ _ _ _ _ _ _ _ _ _ _ _ _ _ _ _ _ _ _ _ _ _ _ _ _ _ _ _ _ _ _ _ _ _ _ _ _ _ _ _ _ _ _ _ _ _ _ _ _ _ _ _ _ _ _ _ _ _ _ _ _ _ _ _ _ _ _ _ _ _ _ _ _ _ _ _ _ _ _ _ _ _ _ _ _ _ _ _ _ _ _ _ _ 

    @contextlib.contextmanager
    def map_httpcore_exceptions() -> typing.Iterator[None]:
        global HTTPCORE_EXC_MAP
        if len(HTTPCORE_EXC_MAP) == 0:
            HTTPCORE_EXC_MAP = _load_httpcore_exceptions()
        try:
            yield
        except Exception as exc:
            mapped_exc = None
    
            for from_exc, to_exc in HTTPCORE_EXC_MAP.items():
                if not isinstance(exc, from_exc):
                    continue
                # We want to map to the most specific exception we can find.
                # Eg if `exc` is an `httpcore.ReadTimeout`, we want to map to
                # `httpx.ReadTimeout`, not just `httpx.TimeoutException`.
                if mapped_exc is None or issubclass(to_exc, mapped_exc):
                    mapped_exc = to_exc
    
            if mapped_exc is None:  # pragma: no cover
                raise
    
            message = str(exc)
>           raise mapped_exc(message) from exc
E           httpx.ConnectError: [Errno 111] Connection refused

../df-py/lib/python3.13/site-packages/httpx/_transports/default.py:118: ConnectError
======================================================================================= short test summary info ========================================================================================
FAILED tablekeeper/test/stage_2/test_sample.py::test_preceding_stage_accounts_survive_import - httpx.ConnectError: [Errno 111] Connection refused
FAILED tablekeeper/test/stage_2/test_sample.py::test_a_combination_occupies_both_tables - httpx.ConnectError: [Errno 111] Connection refused
FAILED tablekeeper/test/stage_2/test_ui.py::test_closed_day_shows_no_slots - httpx.ConnectError: [Errno 111] Connection refused
ERROR tablekeeper/test/stage_2/test_sample.py::test_routes_are_directly_navigable[/-search-button] - httpx.ConnectError: [Errno 111] Connection refused
ERROR tablekeeper/test/stage_2/test_sample.py::test_routes_are_directly_navigable[/signup-signup-submit] - httpx.ConnectError: [Errno 111] Connection refused
ERROR tablekeeper/test/stage_2/test_sample.py::test_routes_are_directly_navigable[/login-login-submit] - httpx.ConnectError: [Errno 111] Connection refused
ERROR tablekeeper/test/stage_2/test_sample.py::test_routes_are_directly_navigable[/lookup-lookup-submit] - httpx.ConnectError: [Errno 111] Connection refused
ERROR tablekeeper/test/stage_2/test_sample.py::test_login_signs_you_in_and_logout_signs_you_out - httpx.ConnectError: [Errno 111] Connection refused
ERROR tablekeeper/test/stage_2/test_sample.py::test_booking_flow_reaches_a_confirmation - httpx.ConnectError: [Errno 111] Connection refused
ERROR tablekeeper/test/stage_2/test_ui.py::test_signup_signs_you_in - httpx.ConnectError: [Errno 111] Connection refused
ERROR tablekeeper/test/stage_2/test_ui.py::test_bad_login_shows_auth_error - httpx.ConnectError: [Errno 111] Connection refused
ERROR tablekeeper/test/stage_2/test_ui.py::test_auth_error_is_absent_when_there_is_none - httpx.ConnectError: [Errno 111] Connection refused
ERROR tablekeeper/test/stage_2/test_ui.py::test_grid_shows_a_cell_per_table_per_slot - httpx.ConnectError: [Errno 111] Connection refused
ERROR tablekeeper/test/stage_2/test_ui.py::test_cells_carry_data_available - httpx.ConnectError: [Errno 111] Connection refused
ERROR tablekeeper/test/stage_2/test_ui.py::test_clicking_an_unavailable_cell_does_nothing - httpx.ConnectError: [Errno 111] Connection refused
ERROR tablekeeper/test/stage_2/test_ui.py::test_booking_while_signed_out_shows_auth_error_or_goes_to_login - httpx.ConnectError: [Errno 111] Connection refused
ERROR tablekeeper/test/stage_2/test_ui.py::test_a_booked_slot_is_unavailable_on_the_next_search - httpx.ConnectError: [Errno 111] Connection refused
ERROR tablekeeper/test/stage_2/test_ui.py::test_booking_error_is_shown_when_the_booking_fails - httpx.ConnectError: [Errno 111] Connection refused
ERROR tablekeeper/test/stage_2/test_ui.py::test_lookup_shows_the_reservation - httpx.ConnectError: [Errno 111] Connection refused
ERROR tablekeeper/test/stage_2/test_ui.py::test_cancel_from_lookup_updates_without_a_manual_reload - httpx.ConnectError: [Errno 111] Connection refused
ERROR tablekeeper/test/stage_2/test_ui.py::test_cancelling_frees_the_slot - httpx.ConnectError: [Errno 111] Connection refused
ERROR tablekeeper/test/stage_2/test_ui.py::test_unknown_reference_shows_reservation_error - httpx.ConnectError: [Errno 111] Connection refused
ERROR tablekeeper/test/stage_2/test_ui.py::test_submitting_the_booking_form_twice_books_once - httpx.ConnectError: [Errno 111] Connection refused
ERROR tablekeeper/test/stage_2/test_ui.py::test_a_double_submit_leaves_one_reservation - httpx.ConnectError: [Errno 111] Connection refused
ERROR tablekeeper/test/stage_2/test_ui.py::test_changing_the_form_first_is_a_different_booking - httpx.ConnectError: [Errno 111] Connection refused
3 failed, 22 errors in 3.64s

